Formula,Temperature,Heat_Capacity
B2O3,1400,134.306
B2O3,1300,131.294
B2O3,1200,128.072
B2O3,1100,124.516
B2O3,1000,120.625
B2O3,900,116.19
B2O3,800,111.169
B2O3,723,106.692
B2O3,700,105.228
B2O3,600,98.115
B2O3,500,89.287
B2O3,400,77.948
B2O3,300,62.927
B2O3,298,62.588
Be1I2,1400,89.341
Be1I2,1300,89.115
Be1I2,1200,88.78
Be1I2,1100,88.337
Be1I2,1000,87.789
Be1I2,900,87.132
Be1I2,800,86.366
Be1I2,753,85.944
Be1I2,700,
Be1I2,600,84.19
Be1I2,500,81.638
Be1I2,400,76.868
Be1I2,300,69.128
Be1I2,298,68.961
Be1F3Li1,1100,192.464
Be1F3Li1,1000,179.912
Be1F3Li1,900,167.36
Be1F3Li1,800,154.808
Be1F3Li1,700,142.256
Be1F3Li1,650,135.98
Be1F3Li1,600,129.704
Be1F3Li1,500,117.152
Be1F3Li1,400,104.6
Be1F3Li1,300,92.048
Be1F3Li1,298,91.816
Al1Cl4K1,900,199.995
Al1Cl4K1,800,196.648
Al1Cl4K1,700,190.79
Al1Cl4K1,600,183.176
Al1Cl4K1,500,174.305
Al1Cl4K1,400,165.477
Al1Cl4K1,300,156.649
Al1Cl4K1,298,156.482
Al2Be1O4,2300,248.548
Al2Be1O4,2200,233.098
Al2Be1O4,2146,226.25
Al2Be1O4,2100,220.19
Al2Be1O4,2000,209.49
Al2Be1O4,1900,201.57
Al2Be1O4,1800,195.79
Al2Be1O4,1700,191.56
Al2Be1O4,1600,188.41
Al2Be1O4,1500,185.91
Al2Be1O4,1400,183.75
Al2Be1O4,1300,181.67
Al2Be1O4,1200,179.48
Al2Be1O4,1100,177.03
Al2Be1O4,1000,174.2
Al2Be1O4,900,170.87
Al2Be1O4,800,166.83
Al2Be1O4,700,161.75
Al2Be1O4,600,154.97
Al2Be1O4,500,145.25
Al2Be1O4,400,130.28
Al2Be1O4,300,105.94
Al2Be1O4,298,105.38
B2H4O4,1400,258.99
B2H4O4,1300,253.801
B2H4O4,1200,247.442
B2H4O4,1100,239.994
B2H4O4,1000,231.333
B2H4O4,900,221.459
B2H4O4,800,210.413
B2H4O4,700,197.025
B2H4O4,600,181.711
B2H4O4,500,163.762
B2H4O4,400,143.135
B2H4O4,300,116.775
B2H4O4,298,116.19
B2Mg1,1900,92.242
B2Mg1,1800,90.249
B2Mg1,1700,88.162
B2Mg1,1600,85.981
B2Mg1,1500,83.643
B2Mg1,1400,81.17
B2Mg1,1300,78.795
B2Mg1,1200,76.442
B2Mg1,1100,74.078
B2Mg1,1000,71.714
B2Mg1,900,69.162
B2Mg1,800,66.526
B2Mg1,700,64.015
B2Mg1,600,61.379
B2Mg1,500,58.409
B2Mg1,400,54.392
B2Mg1,300,47.865
B2Mg1,298,47.823
Be1F2,1200,87.529
Be1F2,1100,84.182
Be1F2,1000,80.835
Be1F2,900,77.488
Be1F2,825,74.977
Be1F2,800,74.14
Be1F2,700,70.793
Be1F2,600,67.446
Be1F2,500,76.048
Be1F2,500,76.048
Be1F2,500,64.099
Be1F2,400,62.522
Be1F2,300,52.028
Be1F2,298,51.819
B1H4Na1,1900,133.679
B1H4Na1,1800,133.553
B1H4Na1,1700,133.511
B1H4Na1,1600,133.428
B1H4Na1,1500,133.302
B1H4Na1,1400,133.135
B1H4Na1,1300,132.675
B1H4Na1,1200,131.754
B1H4Na1,1100,130.039
B1H4Na1,1000,127.445
B1H4Na1,900,124.265
B1H4Na1,800,120.248
B1H4Na1,700,115.269
B1H4Na1,600,108.617
B1H4Na1,500,101.797
B1H4Na1,400,94.558
B1H4Na1,300,86.642
B1H4Na1,298,86.483
Br2Ca1,1400,103.387
Br2Ca1,1300,99.412
Br2Ca1,1200,95.563
Br2Ca1,1100,91.922
Br2Ca1,1015,89.036
Br2Ca1,1000,88.617
Br2Ca1,900,85.856
Br2Ca1,800,83.471
Br2Ca1,700,81.63
Br2Ca1,600,80.5
Br2Ca1,500,79.454
Br2Ca1,400,77.99
Br2Ca1,300,75.124
Br2Ca1,298,75.04
Al1N1,2900,51.845
Al1N1,2800,51.807
Al1N1,2700,51.765
Al1N1,2600,51.718
Al1N1,2500,51.666
Al1N1,2400,51.609
Al1N1,2300,51.543
Al1N1,2200,51.469
Al1N1,2100,51.385
Al1N1,2000,51.29
Al1N1,1900,51.18
Al1N1,1800,51.052
Al1N1,1700,50.903
Al1N1,1600,50.728
Al1N1,1500,50.521
Al1N1,1400,50.272
Al1N1,1300,49.97
Al1N1,1200,49.598
Al1N1,1100,49.136
Al1N1,1000,48.55
Al1N1,900,47.792
Al1N1,800,46.791
Al1N1,700,45.434
Al1N1,600,43.538
Al1N1,500,40.799
Al1N1,400,36.692
Al1N1,300,30.254
Al1N1,298,30.097
Al1Cl6Na3,298,244.136
Al1Cl6Na3,1900,334.825
Al1Cl6Na3,1800,332.21
Al1Cl6Na3,1700,329.385
Al1Cl6Na3,1600,326.352
Al1Cl6Na3,1500,322.796
Al1Cl6Na3,1400,318.821
Al1Cl6Na3,1300,314.741
Al1Cl6Na3,1200,310.453
Al1Cl6Na3,1100,305.72
Al1Cl6Na3,1000,300.62
Al1Cl6Na3,900,294.972
Al1Cl6Na3,800,288.696
Al1Cl6Na3,700,281.165
Al1Cl6Na3,600,273.006
Al1Cl6Na3,500,264.01
Al1Cl6Na3,400,254.387
Al1Cl6Na3,300,244.513
Ba1H2O2,900,134.892
Ba1H2O2,800,130.834
Ba1H2O2,700,126.775
Ba1H2O2,681.15,126.022
Ba1H2O2,600,122.717
Ba1H2O2,500,118.658
Ba1H2O2,400,112.633
Ba1H2O2,300,101.797
Ba1H2O2,298,101.629
Al1Br3,298,100.578
Al1Br3,1400,124.934
Al1Br3,1300,124.851
Al1Br3,1200,124.767
Al1Br3,1100,124.683
Al1Br3,1000,124.6
Al1Br3,900,124.516
Al1Br3,800,124.432
Al1Br3,700,124.348
Al1Br3,600,124.265
Al1Br3,500,123.846
Al1Br3,400,117.78
Al1Br3,370.6,113.078
Al1Br3,300,100.816
Br3Zr1,1900,106.566
Br3Zr1,1800,106.525
Br3Zr1,1700,106.483
Br3Zr1,1600,106.441
Br3Zr1,1500,106.399
Br3Zr1,1400,106.357
Br3Zr1,1300,106.315
Br3Zr1,1200,106.232
Br3Zr1,1100,106.148
Br3Zr1,1000,106.064
Br3Zr1,900,105.855
Br3Zr1,800,105.437
Br3Zr1,700,105.018
Br3Zr1,600,104.6
Br3Zr1,500,103.763
Br3Zr1,400,102.508
Br3Zr1,300,99.562
Br3Zr1,298,99.483
Br2Ti1,1400,91.32
Br2Ti1,1300,90.174
Br2Ti1,1200,89.027
Br2Ti1,1100,87.881
Br2Ti1,1000,86.734
Br2Ti1,900,85.588
Br2Ti1,800,84.441
Br2Ti1,700,83.295
Br2Ti1,600,82.149
Br2Ti1,500,81.002
Br2Ti1,400,79.856
Br2Ti1,300,78.709
Br2Ti1,298,78.688
B1Ti1,3900,55.94
B1Ti1,3800,55.806
B1Ti1,3700,55.672
B1Ti1,3600,55.538
B1Ti1,3500,55.405
B1Ti1,3400,55.271
B1Ti1,3300,55.137
B1Ti1,3200,55.003
B1Ti1,3100,54.869
B1Ti1,3000,54.735
B1Ti1,2900,54.601
B1Ti1,2800,54.467
B1Ti1,2700,54.333
B1Ti1,2600,54.2
B1Ti1,2500,54.066
B1Ti1,2400,53.932
B1Ti1,2300,53.798
B1Ti1,2200,53.664
B1Ti1,2100,53.53
B1Ti1,2000,53.396
B1Ti1,1900,53.262
B1Ti1,1800,53.128
B1Ti1,1700,52.995
B1Ti1,1600,52.861
B1Ti1,1500,52.727
B1Ti1,1400,52.593
B1Ti1,1300,52.459
B1Ti1,1200,52.325
B1Ti1,1100,52.191
B1Ti1,1000,51.915
B1Ti1,900,51.488
B1Ti1,800,50.911
B1Ti1,700,50.124
B1Ti1,600,48.568
B1Ti1,500,45.714
B1Ti1,400,40.334
B1Ti1,300,29.916
B1Ti1,298,29.673
Be2O4Si1,2900,194.589
Be2O4Si1,2800,193.702
Be2O4Si1,2700,192.815
Be2O4Si1,2600,191.928
Be2O4Si1,2500,191.041
Be2O4Si1,2400,190.154
Be2O4Si1,2300,189.267
Be2O4Si1,2200,188.38
Be2O4Si1,2100,187.493
Be2O4Si1,2000,186.606
Be2O4Si1,1900,185.686
Be2O4Si1,1800,184.749
Be2O4Si1,1700,183.803
Be2O4Si1,1600,182.849
Be2O4Si1,1500,181.887
Be2O4Si1,1400,180.916
Be2O4Si1,1300,179.636
Be2O4Si1,1200,178.197
Be2O4Si1,1100,176.356
Be2O4Si1,1000,174.054
Be2O4Si1,900,170.749
Be2O4Si1,800,166.021
Be2O4Si1,700,158.866
Be2O4Si1,600,149.16
Be2O4Si1,500,136.942
Be2O4Si1,400,120.75
Be2O4Si1,300,96.098
Be2O4Si1,298,95.563
Br2Pb1,900,101.621
Br2Pb1,800,97.341
Br2Pb1,700,93.061
Br2Pb1,600,88.784
Br2Pb1,500,84.684
Br2Pb1,400,81.253
Br2Pb1,300,79.613
Br2Pb1,298,79.578
Al1,298,24.209
Al1,1100,36.722
Al1,1000,34.358
Al1,933.45,32.959
Al1,900,32.308
Al1,800,30.562
Al1,700,29.1
Al1,600,27.886
Al1,500,26.842
Al1,450,26.335
Al1,400,25.784
Al1,350,25.113
Al1,300,24.247
Br2Hg2,1400,125.143
Br2Hg2,1300,124.209
Br2Hg2,1200,123.47
Br2Hg2,1100,122.539
Br2Hg2,1000,121.545
Br2Hg2,900,120.416
Br2Hg2,800,119.118
Br2Hg2,700,117.529
Br2Hg2,600,115.604
Br2Hg2,500,113.052
Br2Hg2,400,109.621
Br2Hg2,300,104.703
Br2Hg2,298,104.6
B1H3O3,298,81.337
B1H3O3,1400,181.279
B1H3O3,1300,177.653
B1H3O3,1200,173.218
B1H3O3,1100,167.974
B1H3O3,1000,161.921
B1H3O3,900,155.017
B1H3O3,800,147.277
B1H3O3,700,137.915
B1H3O3,600,127.194
B1H3O3,500,114.642
B1H3O3,400,100.207
B1H3O3,300,81.755
Br3Ti1,1400,172.015
Br3Ti1,1300,168.755
Br3Ti1,1200,165.111
Br3Ti1,1100,161.084
Br3Ti1,1000,156.673
Br3Ti1,900,151.879
Br3Ti1,800,147.277
Br3Ti1,700,137.21
Br3Ti1,600,125.507
Br3Ti1,500,114.709
Br3Ti1,400,105.818
Br3Ti1,300,101.776
Br3Ti1,298,101.705
C1Cu1N1,900,80.249
C1Cu1N1,800,78.032
C1Cu1N1,700,75.689
C1Cu1N1,600,73.136
C1Cu1N1,500,70.249
C1Cu1N1,400,66.735
C1Cu1N1,300,62.195
C1Cu1N1,298,61.024
B1,298,11.315
B1,2700,31.778
B1,2600,31.457
B1,2500,31.133
B1,2400,30.806
B1,2350,30.641
B1,2300,30.475
B1,2200,30.14
B1,2100,29.799
B1,2000,29.452
B1,1900,29.097
B1,1800,28.732
B1,1700,28.356
B1,1600,27.966
B1,1500,27.557
B1,1400,27.125
B1,1300,26.663
B1,1200,26.161
B1,1100,25.606
B1,1000,24.978
B1,900,24.245
B1,800,23.361
B1,700,22.249
B1,600,20.778
B1,500,18.722
B1,450,17.361
B1,400,15.693
B1,350,13.654
B1,300,11.405
Al1F6Na3,298,215.727
Al1F6Na3,1100,332.461
Al1F6Na3,1000,318.582
Al1F6Na3,900,304.691
Al1F6Na3,836,295.809
Al1F6Na3,800,290.78
Al1F6Na3,700,276.822
Al1F6Na3,600,262.793
Al1F6Na3,500,248.634
Al1F6Na3,400,236.379
Al1F6Na3,300,216.212
Ca1H2O2,900,116.022
Ca1H2O2,800,113.512
Ca1H2O2,700,110.709
Ca1H2O2,600,107.445
Ca1H2O2,500,103.931
Ca1H2O2,400,98.408
Ca1H2O2,300,87.78
Ca1H2O2,298,87.487
B2Be3O6,298,139.746
B2Be3O6,2900,332.754
B2Be3O6,2800,330.829
B2Be3O6,2700,328.904
B2Be3O6,2600,327.105
B2Be3O6,2500,325.18
B2Be3O6,2400,323.423
B2Be3O6,2300,321.582
B2Be3O6,2200,319.658
B2Be3O6,2100,317.649
B2Be3O6,2000,315.474
B2Be3O6,1900,313.382
B2Be3O6,1800,311.206
B2Be3O6,1700,308.905
B2Be3O6,1600,306.729
B2Be3O6,1500,304.553
B2Be3O6,1400,302.21
B2Be3O6,1300,299.574
B2Be3O6,1200,296.395
B2Be3O6,1100,292.211
B2Be3O6,1000,286.269
B2Be3O6,900,277.567
B2Be3O6,800,264.805
B2Be3O6,700,247.567
B2Be3O6,600,226.605
B2Be3O6,500,202.84
B2Be3O6,400,175.017
B2Be3O6,300,140.415
Al1Cl4Na1,298,154.975
Al1Cl4Na1,900,197.276
Al1Cl4Na1,800,193.51
Al1Cl4Na1,700,189.117
Al1Cl4Na1,600,182.422
Al1Cl4Na1,500,174.054
Al1Cl4Na1,400,164.808
Al1Cl4Na1,300,154.808
Al1Cl6K3,298,248.906
Al1Cl6K3,1900,341.362
Al1Cl6K3,1800,339.322
Al1Cl6K3,1700,336.969
Al1Cl6K3,1600,334.302
Al1Cl6K3,1500,331.32
Al1Cl6K3,1400,328.026
Al1Cl6K3,1300,324.103
Al1Cl6K3,1200,319.658
Al1Cl6K3,1100,314.532
Al1Cl6K3,1000,308.779
Al1Cl6K3,900,302.88
Al1Cl6K3,800,295.809
Al1Cl6K3,700,287.859
Al1Cl6K3,600,279.491
Al1Cl6K3,500,269.659
Al1Cl6K3,400,259.157
Al1Cl6K3,300,249.283
C0.98Nb1,2900,62.174
C0.98Nb1,2800,61.672
C0.98Nb1,2700,61.17
C0.98Nb1,2600,60.668
C0.98Nb1,2500,60.166
C0.98Nb1,2400,59.664
C0.98Nb1,2300,59.162
C0.98Nb1,2200,58.66
C0.98Nb1,2100,58.158
C0.98Nb1,2000,57.656
C0.98Nb1,1900,57.153
C0.98Nb1,1800,56.651
C0.98Nb1,1700,56.134
C0.98Nb1,1600,55.605
C0.98Nb1,1500,55.061
C0.98Nb1,1400,54.504
C0.98Nb1,1300,53.932
C0.98Nb1,1200,53.304
C0.98Nb1,1100,52.635
C0.98Nb1,1000,51.923
C0.98Nb1,900,51.087
C0.98Nb1,800,50.124
C0.98Nb1,700,48.911
C0.98Nb1,600,47.363
C0.98Nb1,500,45.145
C0.98Nb1,400,41.882
C0.98Nb1,300,36.38
C0.98Nb1,298,36.233
Br2Hg1,1400,107.587
Br2Hg1,1300,104.659
Br2Hg1,1200,101.73
Br2Hg1,1100,98.801
Br2Hg1,1000,95.872
Br2Hg1,900,92.943
Br2Hg1,800,90.015
Br2Hg1,700,87.086
Br2Hg1,600,84.157
Br2Hg1,500,81.206
Br2Hg1,400,78.321
Br2Hg1,300,75.366
Br2Hg1,298,75.312
Al1Cl1O1,298,56.902
Al1Cl1O1,2900,83.052
Al1Cl1O1,2800,83.052
Al1Cl1O1,2700,83.052
Al1Cl1O1,2600,83.052
Al1Cl1O1,2500,83.052
Al1Cl1O1,2400,83.052
Al1Cl1O1,2300,83.036
Al1Cl1O1,2200,83.011
Al1Cl1O1,2100,82.958
Al1Cl1O1,2000,82.885
Al1Cl1O1,1900,82.77
Al1Cl1O1,1800,82.62
Al1Cl1O1,1700,82.435
Al1Cl1O1,1600,82.216
Al1Cl1O1,1500,81.961
Al1Cl1O1,1400,81.672
Al1Cl1O1,1300,81.243
Al1Cl1O1,1200,80.709
Al1Cl1O1,1100,80.04
Al1Cl1O1,1000,79.245
Al1Cl1O1,900,78.168
Al1Cl1O1,800,76.86
Al1Cl1O1,700,74.977
Al1Cl1O1,600,72.634
Al1Cl1O1,500,69.203
Al1Cl1O1,400,64.308
Al1Cl1O1,300,57.112
Cl1H4N1O4,1400,347.066
Cl1H4N1O4,1300,333.816
Cl1H4N1O4,1200,317.984
Cl1H4N1O4,1100,299.569
Cl1H4N1O4,1000,278.571
Cl1H4N1O4,900,258.456
Cl1H4N1O4,800,238.07
Cl1H4N1O4,700,217.819
Cl1H4N1O4,600,197.568
Cl1H4N1O4,513.15,171.628
Cl1H4N1O4,513.15,179.996
Cl1H4N1O4,500,168.95
Cl1H4N1O4,400,148.699
Cl1H4N1O4,300,128.449
Cl1H4N1O4,298,128.072
Be1F4Li2,1400,299.554
Be1F4Li2,1300,284.64
Be1F4Li2,1200,269.729
Be1F4Li2,1100,254.819
Be1F4Li2,1000,239.911
Be1F4Li2,900,225.004
Be1F4Li2,800,210.1
Be1F4Li2,732.2,199.995
Be1F4Li2,700,195.184
Be1F4Li2,600,180.247
Be1F4Li2,500,165.352
Be1F4Li2,400,150.457
Be1F4Li2,300,135.52
Be1F4Li2,298,135.269
C1Mg1O3,900,127.612
C1Mg1O3,800,122.256
C1Mg1O3,700,116.232
C1Mg1O3,600,109.035
C1Mg1O3,500,100.061
C1Mg1O3,400,89.855
C1Mg1O3,300,76.501
C1Mg1O3,298,76.21
Br1H4N1,1400,174.264
Br1H4N1,1300,168.127
Br1H4N1,1200,161.502
Br1H4N1,1100,154.102
Br1H4N1,1000,146.022
Br1H4N1,900,136.817
Br1H4N1,800,126.775
Br1H4N1,700,115.06
Br1H4N1,600,102.424
Br1H4N1,500,87.195
Br1H4N1,411,92.844
Br1H4N1,411,72.867
Br1H4N1,400,92.717
Br1H4N1,300,88.893
Br1H4N1,298,88.676
Ca1I2,1400,98.91
Ca1I2,1300,96.943
Ca1I2,1200,94.977
Ca1I2,1100,93
Ca1I2,1052,92.048
Ca1I2,1000,91.002
Ca1I2,900,89.036
Ca1I2,800,87.069
Ca1I2,700,85.103
Ca1I2,600,83.136
Ca1I2,500,81.17
Ca1I2,400,79.161
Ca1I2,300,77.195
Ca1I2,298,77.157
Al1F6Li3,298,202.506
Al1F6Li3,1500,357.732
Al1F6Li3,1400,347.272
Al1F6Li3,1300,336.812
Al1F6Li3,1200,326.352
Al1F6Li3,1100,315.892
Al1F6Li3,1058,311.499
Al1F6Li3,1000,305.432
Al1F6Li3,978,303.131
Al1F6Li3,978,303.131
Al1F6Li3,900,294.972
Al1F6Li3,848,289.533
Al1F6Li3,848,289.533
Al1F6Li3,800,284.512
Al1F6Li3,748,279.073
Al1F6Li3,748,279.073
Al1F6Li3,700,274.052
Al1F6Li3,600,262.295
Al1F6Li3,500,248.111
Al1F6Li3,400,229.869
Al1F6Li3,300,203.133
Br4Mo1,900,144.4
Br4Mo1,800,142.674
Br4Mo1,700,140.844
Br4Mo1,600,138.909
Br4Mo1,500,136.817
Br4Mo1,400,135.143
Br4Mo1,300,133.093
Br4Mo1,298,133.051
Ba1,298,28.096
Ba1,1400,39.066
Ba1,1300,39.066
Ba1,1200,39.066
Ba1,1100,39.066
Ba1,1000,39.066
Ba1,1000,39.066
Ba1,900,39.066
Ba1,800,39.066
Ba1,768.13,48.103
Ba1,768.13,39.066
Ba1,700,42.363
Ba1,600,33.941
Ba1,582.53,54.4
Ba1,582.53,32.468
Ba1,500,43.744
Ba1,450,38.031
Ba1,400,33.229
Ba1,350,29.898
Ba1,300,28.142
Br4Ti1,1400,133.779
Br4Ti1,1300,133.779
Br4Ti1,1200,133.779
Br4Ti1,1100,133.779
Br4Ti1,1000,133.779
Br4Ti1,900,133.779
Br4Ti1,800,133.779
Br4Ti1,700,133.779
Br4Ti1,600,133.779
Br4Ti1,500,133.779
Br4Ti1,400,133.779
Br4Ti1,311.4,133.779
Br4Ti1,300,131.815
Br4Ti1,298,131.503
Ba1Br2,298,77.015
Ba1Br2,1400,100.839
Ba1Br2,1300,98.675
Ba1Br2,1200,96.512
Ba1Br2,1130,95.002
Ba1Br2,1100,94.353
Ba1Br2,1000,92.19
Ba1Br2,900,90.027
Ba1Br2,800,87.864
Ba1Br2,700,85.701
Ba1Br2,600,83.542
Ba1Br2,500,81.379
Ba1Br2,400,79.216
Ba1Br2,300,77.053
Be1O4S1,298,85.697
Be1O4S1,2200,200.832
Be1O4S1,2100,200.832
Be1O4S1,2000,200.832
Be1O4S1,1900,200.832
Be1O4S1,1800,200.832
Be1O4S1,1700,200.706
Be1O4S1,1600,200.004
Be1O4S1,1500,198.656
Be1O4S1,1400,196.581
Be1O4S1,1300,193.543
Be1O4S1,1200,189.209
Be1O4S1,1100,183.088
Be1O4S1,1000,174.431
Be1O4S1,900,162.046
Be1O4S1,800,149.787
Be1O4S1,700,137.988
Be1O4S1,600,126.817
Be1O4S1,500,116.357
Be1O4S1,400,103.88
Be1O4S1,300,86.111
Ba1F2,298,72.204
Ba1F2,1900,107.654
Ba1F2,1800,107.654
Ba1F2,1700,107.654
Ba1F2,1641,107.654
Ba1F2,1600,107.654
Ba1F2,1500,107.654
Ba1F2,1480,107.104
Ba1F2,1480,107.654
Ba1F2,1400,114.014
Ba1F2,1300,137.654
Ba1F2,1240,194.914
Ba1F2,1240,194.713
Ba1F2,1200,130.541
Ba1F2,1100,104.182
Ba1F2,1000,94.558
Ba1F2,900,88.701
Ba1F2,800,84.935
Ba1F2,700,82.383
Ba1F2,600,80.333
Ba1F2,500,78.45
Ba1F2,400,75.94
Ba1F2,300,72.304
Ba1I2,298,77.488
Ba1I2,2700,112.968
Ba1I2,2600,112.968
Ba1I2,2500,112.968
Ba1I2,2400,112.968
Ba1I2,2300,112.968
Ba1I2,2200,112.968
Ba1I2,2100,112.968
Ba1I2,2000,112.968
Ba1I2,1900,112.968
Ba1I2,1800,112.968
Ba1I2,1700,112.968
Ba1I2,1600,112.968
Ba1I2,1500,112.968
Ba1I2,1400,112.968
Ba1I2,1300,112.968
Ba1I2,1200,112.968
Ba1I2,1100,112.968
Ba1I2,1000,112.968
Ba1I2,984,91.211
Ba1I2,984,112.968
Ba1I2,900,89.538
Ba1I2,800,87.529
Ba1I2,700,85.521
Ba1I2,600,83.513
Ba1I2,500,81.546
Ba1I2,400,79.538
Ba1I2,300,77.53
Cl2Fe1,1900,89.953
Cl2Fe1,1800,89.907
Cl2Fe1,1700,89.817
Cl2Fe1,1600,89.684
Cl2Fe1,1500,89.507
Cl2Fe1,1400,89.287
Cl2Fe1,1300,88.962
Cl2Fe1,1200,88.554
Cl2Fe1,1100,88.013
Cl2Fe1,1000,87.354
Cl2Fe1,950,86.944
Cl2Fe1,900,86.504
Cl2Fe1,800,85.508
Cl2Fe1,700,84.375
Cl2Fe1,600,83.107
Cl2Fe1,500,81.638
Cl2Fe1,400,79.668
Cl2Fe1,300,76.735
Cl2Fe1,298,76.664
C1K1N1,1900,66.905
C1K1N1,1800,66.865
C1K1N1,1700,66.826
C1K1N1,1600,66.787
C1K1N1,1500,66.747
C1K1N1,1400,66.708
C1K1N1,1300,66.669
C1K1N1,1200,66.629
C1K1N1,1100,66.59
C1K1N1,1000,66.551
C1K1N1,900,66.511
C1K1N1,895,66.509
C1K1N1,800,66.471
C1K1N1,700,66.431
C1K1N1,600,66.392
C1K1N1,500,66.354
C1K1N1,400,66.316
C1K1N1,300,66.383
C1K1N1,298,66.391
Be1H2O2,298,65.701
Be1H2O2,900,110.399
Be1H2O2,800,107.495
Be1H2O2,700,103.956
Be1H2O2,600,99.387
Be1H2O2,500,92.994
Be1H2O2,400,82.902
Be1H2O2,300,66.053
Cs1,900,37.656
Cs1,800,37.635
Cs1,700,37.614
Cs1,600,37.53
Cs1,500,37.196
Cs1,450,36.777
Cs1,400,36.066
Cs1,350,34.84
Cs1,301.55,32.501
Cs1,300,32.355
Cs1,298,32.195
Al1H4Li1,298,86.4
Al1H4Li1,1900,123.763
Al1H4Li1,1800,123.247
Al1H4Li1,1700,122.717
Al1H4Li1,1600,122.173
Al1H4Li1,1500,121.615
Al1H4Li1,1400,121.043
Al1H4Li1,1300,120.416
Al1H4Li1,1200,119.746
Al1H4Li1,1100,118.847
Al1H4Li1,1000,117.78
Al1H4Li1,900,116.2
Al1H4Li1,800,114.223
Al1H4Li1,700,111.294
Al1H4Li1,600,106.901
Al1H4Li1,500,101.253
Al1H4Li1,400,93.722
Al1H4Li1,300,86.944
C1Be2,3400,92.939
C1Be2,3300,92.864
C1Be2,3200,92.786
C1Be2,3100,92.705
C1Be2,3000,92.621
C1Be2,2900,92.534
C1Be2,2800,92.443
C1Be2,2700,92.35
C1Be2,2600,92.253
C1Be2,2500,92.153
C1Be2,2400,92.048
C1Be2,2400,92.048
C1Be2,2300,91.964
C1Be2,2200,91.885
C1Be2,2100,91.797
C1Be2,2000,91.722
C1Be2,1900,91.621
C1Be2,1800,91.349
C1Be2,1700,90.843
C1Be2,1600,90.023
C1Be2,1500,88.881
C1Be2,1400,87.278
C1Be2,1300,85.011
C1Be2,1200,81.797
C1Be2,1100,77.525
C1Be2,1000,73.249
C1Be2,900,68.977
C1Be2,800,64.706
C1Be2,700,60.434
C1Be2,600,51.89
C1Be2,500,49.752
C1Be2,400,47.614
C1Be2,300,43.329
C1Be2,298,43.25
Cr1,2700,68.467
Cr1,2600,66.111
Cr1,2500,63.764
Cr1,2400,61.425
Cr1,2300,59.099
Cr1,2200,56.785
Cr1,2130,55.174
Cr1,2100,54.488
Cr1,2000,52.204
Cr1,1900,49.944
Cr1,1800,47.706
Cr1,1700,45.501
Cr1,1600,43.329
Cr1,1500,41.2
Cr1,1400,39.125
Cr1,1300,37.116
Cr1,1200,35.187
Cr1,1100,33.472
Cr1,1000,31.861
Cr1,900,30.501
Cr1,800,29.434
Cr1,700,28.577
Cr1,600,27.719
Cr1,500,26.631
Cr1,450,25.983
Cr1,400,25.23
Cr1,350,24.393
Cr1,311.5,23.681
Cr1,311.5,23.681
Cr1,300,23.472
Cr1,298,23.434
Cs2O4S1,1400,256.103
Cs2O4S1,1300,240.622
Cs2O4S1,1278,237.233
Cs2O4S1,1200,225.141
Cs2O4S1,1100,209.66
Cs2O4S1,1000,194.179
Cs2O4S1,940,184.891
Cs2O4S1,900,178.699
Cs2O4S1,800,163.218
Cs2O4S1,700,147.737
Cs2O4S1,600,132.256
Cs2O4S1,500,120.081
Cs2O4S1,400,112.131
Cs2O4S1,300,108.784
Cs2O4S1,298,108.7
Cl1Cu1,1400,66.874
Cl1Cu1,1300,66.459
Cl1Cu1,1200,66.011
Cl1Cu1,1100,65.531
Cl1Cu1,1000,65.019
Cl1Cu1,900,64.388
Cl1Cu1,800,63.68
Cl1Cu1,703,62.791
Cl1Cu1,700,62.76
Cl1Cu1,600,61.505
Cl1Cu1,500,59.831
Cl1Cu1,400,56.902
Cl1Cu1,300,48.771
Cl1Cu1,298,48.534
Cu1F2,1900,94.558
Cu1F2,1800,94.558
Cu1F2,1700,94.558
Cu1F2,1600,94.433
Cu1F2,1500,94.224
Cu1F2,1400,93.847
Cu1F2,1300,93.303
Cu1F2,1200,92.55
Cu1F2,1109,91.713
Cu1F2,1100,91.588
Cu1F2,1000,90.374
Cu1F2,900,88.868
Cu1F2,800,87.027
Cu1F2,700,84.81
Cu1F2,600,81.923
Cu1F2,500,77.739
Cu1F2,400,72.383
Cu1F2,300,65.689
Cu1F2,298,65.552
Al2O3,298,79.015
Al2O3,2900,143.511
Al2O3,2800,142.591
Al2O3,2700,141.754
Al2O3,2600,140.959
Al2O3,2500,140.206
Al2O3,2400,139.453
Al2O3,2327,138.934
Al2O3,2300,138.741
Al2O3,2200,138.03
Al2O3,2100,137.319
Al2O3,2000,136.608
Al2O3,1900,135.896
Al2O3,1800,135.143
Al2O3,1700,134.306
Al2O3,1600,133.361
Al2O3,1500,132.29
Al2O3,1400,131.081
Al2O3,1300,129.737
Al2O3,1200,128.252
Al2O3,1100,126.608
Al2O3,1000,124.771
Al2O3,900,122.662
Al2O3,800,120.135
Al2O3,700,116.926
Al2O3,600,112.545
Al2O3,500,106.131
Al2O3,400,96.086
Al2O3,300,79.416
B1N1,298,19.719
B1N1,3400,48.953
B1N1,3300,48.953
B1N1,3200,48.953
B1N1,3100,48.953
B1N1,3000,48.953
B1N1,2900,48.953
B1N1,2800,48.953
B1N1,2700,48.953
B1N1,2600,48.953
B1N1,2500,48.953
B1N1,2400,48.953
B1N1,2300,48.953
B1N1,2200,48.953
B1N1,2100,48.953
B1N1,2000,48.953
B1N1,1900,48.953
B1N1,1800,48.953
B1N1,1700,48.939
B1N1,1600,48.911
B1N1,1500,48.702
B1N1,1400,48.283
B1N1,1300,47.698
B1N1,1200,46.861
B1N1,1100,45.815
B1N1,1000,44.35
B1N1,900,42.593
B1N1,800,40.459
B1N1,700,38.074
B1N1,600,35.229
B1N1,500,31.38
B1N1,400,26.276
B1N1,300,19.849
Co1O4S1,1900,173.259
Co1O4S1,1800,171.921
Co1O4S1,1700,170.498
Co1O4S1,1600,169.075
Co1O4S1,1500,167.569
Co1O4S1,1400,165.979
Co1O4S1,1300,164.306
Co1O4S1,1200,162.465
Co1O4S1,1100,160.415
Co1O4S1,1000,158.113
Co1O4S1,964,156.792
Co1O4S1,964,157.221
Co1O4S1,900,155.394
Co1O4S1,800,152.047
Co1O4S1,700,147.277
Co1O4S1,600,140.666
Co1O4S1,500,131.545
Co1O4S1,400,119.286
Co1O4S1,300,103.638
Co1O4S1,298,103.219
Cu1O1,1900,62.494
Cu1O1,1800,61.726
Cu1O1,1700,60.958
Cu1O1,1600,60.181
Cu1O1,1500,59.395
Cu1O1,1400,58.601
Cu1O1,1300,57.8
Cu1O1,1200,56.978
Cu1O1,1100,56.135
Cu1O1,1000,55.262
Cu1O1,900,54.34
Cu1O1,800,53.349
Cu1O1,700,52.24
Cu1O1,600,50.935
Cu1O1,500,49.261
Cu1O1,400,46.806
Cu1O1,300,42.364
Cu1O1,298,42.246
Br1Na1,298,51.4
Br1Na1,1900,72.645
Br1Na1,1800,71.267
Br1Na1,1700,69.925
Br1Na1,1600,68.618
Br1Na1,1500,67.345
Br1Na1,1400,66.107
Br1Na1,1300,64.852
Br1Na1,1200,63.597
Br1Na1,1100,62.342
Br1Na1,1020,61.337
Br1Na1,1000,61.086
Br1Na1,900,59.831
Br1Na1,800,58.576
Br1Na1,700,57.321
Br1Na1,600,56.066
Br1Na1,500,54.852
Br1Na1,400,53.451
Br1Na1,300,51.442
Cr2O3,2900,146.242
Cr2O3,2800,145.333
Cr2O3,2700,144.428
Cr2O3,2603,143.553
Cr2O3,2600,143.526
Cr2O3,2500,142.628
Cr2O3,2400,141.733
Cr2O3,2300,140.839
Cr2O3,2200,139.947
Cr2O3,2100,139.056
Cr2O3,2000,138.168
Cr2O3,1900,136.88
Cr2O3,1800,135.457
Cr2O3,1700,134.478
Cr2O3,1600,133.486
Cr2O3,1500,132.482
Cr2O3,1400,131.457
Cr2O3,1300,130.411
Cr2O3,1200,129.332
Cr2O3,1100,128.202
Cr2O3,1000,127.009
Cr2O3,900,125.725
Cr2O3,800,124.29
Cr2O3,700,122.625
Cr2O3,600,120.549
Cr2O3,500,117.721
Cr2O3,400,112.675
Cr2O3,305,126.775
Cr2O3,305,126.775
Cr2O3,300,121.922
Cr2O3,298,120.366
Cs1F1,1900,69.036
Cs1F1,1800,68.994
Cs1F1,1700,68.91
Cs1F1,1600,68.743
Cs1F1,1500,68.492
Cs1F1,1400,68.157
Cs1F1,1300,67.697
Cs1F1,1200,66.944
Cs1F1,1100,65.856
Cs1F1,1000,64.35
Cs1F1,976,63.952
Cs1F1,900,62.634
Cs1F1,800,60.877
Cs1F1,700,59.12
Cs1F1,600,57.363
Cs1F1,500,55.564
Cs1F1,400,53.764
Cs1F1,300,52.007
Cs1F1,298,51.965
Cr2N1,2400,127.277
Cr2N1,2300,124.934
Cr2N1,2200,122.591
Cr2N1,2100,119.955
Cr2N1,2000,117.487
Cr2N1,1900,114.767
Cr2N1,1800,112.508
Cr2N1,1700,109.788
Cr2N1,1600,107.027
Cr2N1,1500,104.265
Cr2N1,1400,101.504
Cr2N1,1300,98.742
Cr2N1,1200,95.981
Cr2N1,1100,93.261
Cr2N1,1000,90.5
Cr2N1,900,87.738
Cr2N1,800,84.977
Cr2N1,700,82.257
Cr2N1,600,79.496
Cr2N1,500,76.735
Cr2N1,400,73.429
Cr2N1,300,66.191
Cr2N1,298,66.065
Cl1Li1,1900,82.863
Cl1Li1,1800,80.797
Cl1Li1,1700,78.731
Cl1Li1,1600,76.663
Cl1Li1,1500,74.598
Cl1Li1,1400,72.534
Cl1Li1,1300,70.452
Cl1Li1,1200,68.358
Cl1Li1,1100,66.266
Cl1Li1,1000,64.17
Cl1Li1,900,62.061
Cl1Li1,883,61.702
Cl1Li1,800,59.936
Cl1Li1,700,57.781
Cl1Li1,600,55.593
Cl1Li1,500,53.342
Cl1Li1,400,50.969
Cl1Li1,300,48.095
Cl1Li1,298,48.028
Fe0.877S1,1700,86.107
Fe0.877S1,1600,79.161
Fe0.877S1,1500,72.676
Fe0.877S1,1400,67.195
Fe0.877S1,1300,62.676
Fe0.877S1,1200,59.12
Fe0.877S1,1100,55.396
Fe0.877S1,1000,52.007
Fe0.877S1,900,52.886
Fe0.877S1,800,53.848
Fe0.877S1,700,55.564
Fe0.877S1,600,58.116
Fe0.877S1,598,68.563
Fe0.877S1,598,58.175
Fe0.877S1,500,62.383
Fe0.877S1,400,56.149
Fe0.877S1,300,50
Fe0.877S1,298,49.883
Cl1Na1,1400,77.53
Cl1Na1,1300,75.145
Cl1Na1,1200,71.965
Cl1Na1,1100,68.325
Cl1Na1,1073.8,67.371
Cl1Na1,1000,64.865
Cl1Na1,900,61.869
Cl1Na1,800,59.312
Cl1Na1,700,57.204
Cl1Na1,600,55.476
Cl1Na1,500,53.94
Cl1Na1,400,52.35
Cl1Na1,300,50.543
Cl1Na1,298,50.509
F2Hg1,1900,108.366
F2Hg1,1800,106.274
F2Hg1,1700,104.182
F2Hg1,1600,102.09
F2Hg1,1500,99.998
F2Hg1,1400,97.906
F2Hg1,1300,95.814
F2Hg1,1200,93.722
F2Hg1,1100,91.63
F2Hg1,1000,89.538
F2Hg1,918,87.822
F2Hg1,900,87.446
F2Hg1,800,85.354
F2Hg1,700,83.262
F2Hg1,600,81.17
F2Hg1,500,79.078
F2Hg1,400,76.986
F2Hg1,300,74.894
F2Hg1,298,74.856
Fe1H2O2,1400,125.436
,1300,125.353
Fe1H2O2,1200,125.102
Fe1H2O2,1100,124.516
Fe1H2O2,1000,123.386
Fe1H2O2,900,121.545
Fe1H2O2,800,118.951
Fe1H2O2,700,115.478
Fe1H2O2,600,111.294
Fe1H2O2,500,106.776
Fe1H2O2,400,102.09
Fe1H2O2,300,97.152
Fe1H2O2,298,97.069
Cs1H1O1,900,83.68
Cs1H1O1,800,83.68
Cs1H1O1,700,83.68
Cs1H1O1,600,83.68
Cs1H1O1,588,83.68
Cs1H1O1,500,83.68
Cs1H1O1,493,82.174
Cs1H1O1,493,83.68
Cs1H1O1,410,74.99
Cs1H1O1,410,75.228
Cs1H1O1,400,74.392
Cs1H1O1,300,67.99
Cs1H1O1,298,67.872
Br3Mo1,298,105.37
Br3Mo1,1400,121.503
Br3Mo1,1300,120.039
Br3Mo1,1200,118.575
Br3Mo1,1100,117.11
Br3Mo1,1000,115.646
Br3Mo1,900,114.181
Br3Mo1,800,112.717
Br3Mo1,700,111.253
Br3Mo1,600,109.788
Br3Mo1,500,108.324
Br3Mo1,400,106.859
Br3Mo1,300,105.395
Br2Sr1,298,76.853
Br2Sr1,1400,115.06
Br2Sr1,1300,115.06
Br2Sr1,1200,115.06
Br2Sr1,1100,115.06
Br2Sr1,1000,115.06
Br2Sr1,930,115.06
Br2Sr1,918,91.717
Br2Sr1,918,115.06
Br2Sr1,900,91.002
Br2Sr1,800,87.571
Br2Sr1,700,84.893
Br2Sr1,600,82.676
Br2Sr1,500,80.835
,400,79.036
Br2Sr1,300,76.902
Cl2Hg2,1400,126.311
Cl2Hg2,1300,125.169
Cl2Hg2,1200,123.846
Cl2Hg2,1100,122.34
Cl2Hg2,1000,120.667
Cl2Hg2,900,118.826
Cl2Hg2,800,116.817
Cl2Hg2,700,114.558
Cl2Hg2,600,112.131
Cl2Hg2,500,109.328
Cl2Hg2,400,106.023
Cl2Hg2,300,102.048
Cl2Hg2,298,101.968
Fe1O1,1900,65.79
Fe1O1,1800,65.229
Fe1O1,1700,64.631
Fe1O1,1650,64.319
Fe1O1,1600,64.015
Fe1O1,1500,63.396
Fe1O1,1400,62.76
Fe1O1,1300,61.975
Fe1O1,1200,61.086
Fe1O1,1100,60.234
Fe1O1,1000,59.371
Fe1O1,900,58.283
Fe1O1,800,57.321
Fe1O1,700,56.149
Fe1O1,600,54.894
Fe1O1,500,53.388
Fe1O1,400,51.84
Fe1O1,300,49.999
Fe1O1,298,49.915
Co1,2400,37.656
Co1,2300,37.656
Co1,2200,37.656
Co1,2100,37.656
Co1,2000,37.656
Co1,1900,37.656
Co1,1800,37.656
Co1,1768,37.99
Co1,1700,37.782
Co1,1600,38.284
Co1,1500,39.748
Co1,1400,44.225
Co1,1394,54.978
Co1,1394,54.999
Co1,1300,48.66
Co1,1200,43.221
Co1,1100,39.832
Co1,1000,36.987
Co1,900,34.518
Co1,800,32.426
Co1,700.1,31.047
Co1,700.1,30.583
Co1,700,31.045
Co1,600,29.665
Co1,500,28.2
Co1,450,27.39
Co1,400,26.527
Co1,350,25.682
Co1,300,24.833
Co1,298,24.802
Cl1Cs1,298,52.442
Cl1Cs1,1900,69.245
Cl1Cs1,1800,68.743
Cl1Cs1,1700,68.241
Cl1Cs1,1600,67.697
Cl1Cs1,1500,67.195
Cl1Cs1,1400,66.693
Cl1Cs1,1300,66.191
Cl1Cs1,1200,65.689
Cl1Cs1,1100,65.187
Cl1Cs1,1000,64.685
Cl1Cs1,918,64.266
Cl1Cs1,900,64.174
Cl1Cs1,800,63.68
Cl1Cs1,743,62.237
Cl1Cs1,743,63.388
Cl1Cs1,700,61.296
Cl1Cs1,600,59.099
Cl1Cs1,500,56.902
Cl1Cs1,400,54.685
Cl1Cs1,300,52.472
Cu1H2O2,1400,122.047
Cu1H2O2,1300,121.88
Cu1H2O2,1200,121.503
Cu1H2O2,1100,120.75
Cu1H2O2,1000,119.662
Cu1H2O2,900,117.989
Cu1H2O2,800,115.562
Cu1H2O2,700,112.131
Cu1H2O2,600,108.031
Cu1H2O2,500,103.763
Cu1H2O2,400,99.496
Cu1H2O2,300,95.228
Cu1H2O2,298,95.186
Al1Li1O2,298,67.777
Al1Li1O2,2100,117.294
Al1Li1O2,2000,116.022
Al1Li1O2,1973,115.679
Al1Li1O2,1900,114.746
Al1Li1O2,1800,113.449
Al1Li1O2,1700,112.14
Al1Li1O2,1600,110.813
Al1Li1O2,1500,109.466
Al1Li1O2,1400,108.089
Al1Li1O2,1300,106.671
Al1Li1O2,1200,105.198
Al1Li1O2,1100,103.654
Al1Li1O2,1000,102.006
Al1Li1O2,900,100.203
Al1Li1O2,800,98.165
Al1Li1O2,700,95.751
Al1Li1O2,600,92.688
Al1Li1O2,500,88.408
Al1Li1O2,400,81.546
Al1Li1O2,300,68.128
Co1F2,1900,87.441
Co1F2,1800,87.14
Co1F2,1700,86.831
Co1F2,1600,86.517
Co1F2,1500,86.186
Co1F2,1400,85.839
Co1F2,1400,85.839
Co1F2,1300,85.475
Co1F2,1200,85.077
Co1F2,1100,84.646
Co1F2,1000,84.161
Co1F2,900,83.592
Co1F2,800,82.902
Co1F2,700,82.015
Co1F2,600,80.789
Co1F2,500,78.927
Co1F2,400,75.714
Co1F2,300,69.041
Co1F2,298,68.909
Br2Fe1,298,80.232
Br2Fe1,1400,104.759
Br2Fe1,1300,102.533
Br2Fe1,1200,100.307
Br2Fe1,1100,98.081
Br2Fe1,1000,95.855
Br2Fe1,964,95.054
Br2Fe1,900,93.63
Br2Fe1,800,91.404
Br2Fe1,700,89.178
Br2Fe1,650,88.061
Br2Fe1,650,88.069
Br2Fe1,600,86.952
Br2Fe1,500,84.726
Br2Fe1,400,82.5
Br2Fe1,300,80.274
Fe1I2,1400,142.256
Fe1I2,1300,142.256
Fe1I2,1200,142.256
Fe1I2,1100,141.188
Fe1I2,1000,136.817
Fe1I2,900,126.224
Fe1I2,860,120.005
Fe1I2,800,110.876
Fe1I2,700,95.395
Fe1I2,650,84.546
Fe1I2,650,87.864
Fe1I2,600,84.425
Fe1I2,500,84.182
Fe1I2,400,83.931
Fe1I2,300,83.68
Fe1I2,298,83.68
Ga1,450,27.916
Ga1,400,27.46
Ga1,350,27.004
Ga1,302.92,26.133
Ga1,300,26.091
Ga1,298,26.064
Cl1Li1O4,298,105.018
Cl1Li1O4,1400,192.771
Cl1Li1O4,1300,188.866
Cl1Li1O4,1200,184.933
Cl1Li1O4,1100,180.972
Cl1Li1O4,1000,176.983
Cl1Li1O4,900,172.067
Cl1Li1O4,800,166.523
Cl1Li1O4,700,160.038
Cl1Li1O4,600,152.716
Cl1Li1O4,509,144.34
Cl1Li1O4,500,143.511
Cl1Li1O4,400,129.704
Cl1Li1O4,300,105.437
Cl2Cu1,1400,84.75
Cl2Cu1,1300,84.19
Cl2Cu1,1200,83.607
Cl2Cu1,1100,83.001
Cl2Cu1,1000,82.37
Cl2Cu1,900,81.655
Cl2Cu1,800,80.885
Cl2Cu1,700,79.956
Cl2Cu1,600,78.785
Cl2Cu1,500,77.278
Cl2Cu1,400,75.061
Cl2Cu1,300,71.923
Cl2Cu1,298,71.881
Fe0.947O1,2400,64.74
Fe0.947O1,2300,64.601
Fe0.947O1,2200,64.434
Fe0.947O1,2100,64.238
Fe0.947O1,2000,64.015
Fe0.947O1,1900,63.696
Fe0.947O1,1800,63.304
Fe0.947O1,1700,62.787
Fe0.947O1,1600,62.065
Fe0.947O1,1500,61.212
Fe0.947O1,1400,60.358
Fe0.947O1,1300,59.496
Fe0.947O1,1200,58.63
Fe0.947O1,1100,57.76
Fe0.947O1,1000,56.873
Fe0.947O1,900,55.969
Fe0.947O1,800,55.041
Fe0.947O1,700,54.07
Fe0.947O1,600,53.028
Fe0.947O1,500,51.848
Fe0.947O1,400,50.38
Fe0.947O1,300,48.183
Fe0.947O1,298,48.116
Be1Cl2,298,64.852
Be1Cl2,1400,85.234
Be1Cl2,1300,85.007
Be1Cl2,1200,84.672
Be1Cl2,1100,84.23
Be1Cl2,1000,83.68
Be1Cl2,900,83.023
Be1Cl2,800,82.257
Be1Cl2,700,81.358
Be1Cl2,688,81.278
Be1Cl2,600,80.082
Be1Cl2,500,77.53
Be1Cl2,400,72.76
Be1Cl2,300,65.019
Cl1K1,298,51.287
Cl1K1,1400,82.006
Cl1K1,1300,79.496
Cl1K1,1200,76.149
Cl1K1,1100,71.965
Cl1K1,1044,69.287
Cl1K1,1000,66.969
Cl1K1,900,62.911
Cl1K1,800,60.078
Cl1K1,700,58.003
Cl1K1,600,56.317
Cl1K1,500,54.752
Cl1K1,400,53.137
Cl1K1,300,51.329
F1Na1,2900,71.128
F1Na1,2800,71.128
F1Na1,2700,71.128
F1Na1,2600,71.128
F1Na1,2500,71.128
F1Na1,2400,71.128
F1Na1,2300,71.128
F1Na1,2200,71.128
F1Na1,2100,71.128
F1Na1,2000,71.128
F1Na1,1900,71.128
F1Na1,1800,71.128
F1Na1,1700,71.128
F1Na1,1600,71.128
F1Na1,1500,70.626
F1Na1,1400,69.162
F1Na1,1300,66.944
F1Na1,1269,66.149
F1Na1,1200,64.266
F1Na1,1100,61.756
F1Na1,1000,59.505
F1Na1,900,57.492
F1Na1,800,55.71
F1Na1,700,54.124
F1Na1,600,52.677
F1Na1,500,51.262
F1Na1,400,49.597
F1Na1,300,46.924
F1Na1,298,46.852
H3O4P1,900,288.361
H3O4P1,800,258.069
H3O4P1,700,227.777
H3O4P1,600,197.485
H3O4P1,500,167.193
H3O4P1,400,136.9
H3O4P1,315.5,111.303
H3O4P1,300,106.608
H3O4P1,298,106.064
Fe3O4,2900,200.832
Fe3O4,2800,200.832
Fe3O4,2700,200.832
Fe3O4,2600,200.832
Fe3O4,2500,200.832
Fe3O4,2400,200.832
Fe3O4,2300,200.832
Fe3O4,2200,200.832
Fe3O4,2100,200.832
Fe3O4,2000,200.832
Fe3O4,1900,200.832
Fe3O4,1800,200.832
Fe3O4,1700,200.832
Fe3O4,1600,200.832
Fe3O4,1500,200.832
Fe3O4,1400,200.832
Fe3O4,1300,200.832
Fe3O4,1200,200.832
Fe3O4,1100,200.832
Fe3O4,1000,200.832
Fe3O4,900,273.05
Fe3O4,900,273.05
Fe3O4,900,200.832
Fe3O4,800,252.881
Fe3O4,700,232.714
Fe3O4,600,212.547
Fe3O4,500,192.38
Fe3O4,400,171.126
Fe3O4,300,147.695
Fe3O4,298,147.235
H1Na1O1,1400,86.023
H1Na1O1,1300,86.023
H1Na1O1,1200,86.023
H1Na1O1,1100,86.023
H1Na1O1,1000,86.023
H1Na1O1,900,86.023
H1Na1O1,800,86.023
H1Na1O1,700,86.023
H1Na1O1,600,86.023
H1Na1O1,596,86.023
H1Na1O1,572,85.887
H1Na1O1,572,86.023
H1Na1O1,500,75.157
H1Na1O1,400,64.936
H1Na1O1,300,59.664
H1Na1O1,298,59.53
Fe2O12S3,1900,449.069
Fe2O12S3,1800,445.554
Fe2O12S3,1700,441.83
Fe2O12S3,1600,438.065
Fe2O12S3,1500,434.09
Fe2O12S3,1400,429.906
Fe2O12S3,1300,425.513
Fe2O12S3,1200,420.659
Fe2O12S3,1100,415.262
Fe2O12S3,1000,409.237
Fe2O12S3,900,402.041
Fe2O12S3,800,393.254
Fe2O12S3,700,380.702
Fe2O12S3,600,363.297
Fe2O12S3,500,339.281
Fe2O12S3,400,307.022
Fe2O12S3,300,265.851
Fe2O12S3,298,264.722
H1Na1,1400,63.021
H1Na1,1300,62.425
H1Na1,1200,61.641
H1Na1,1100,60.668
H1Na1,1000,59.413
H1Na1,900,57.948
H1Na1,800,56.066
H1Na1,700,53.723
H1Na1,600,50.71
H1Na1,500,47.154
H1Na1,400,42.468
H1Na1,300,36.535
H1Na1,298,36.392
Cl1Na1O4,298,111.294
Cl1Na1O4,1400,205.267
Cl1Na1O4,1300,201.083
Cl1Na1O4,1200,196.648
Cl1Na1O4,1100,191.962
Cl1Na1O4,1000,187.025
Cl1Na1O4,900,181.586
Cl1Na1O4,800,175.728
Cl1Na1O4,700,168.511
Cl1Na1O4,600,160.247
Cl1Na1O4,581,158.574
Cl1Na1O4,581,158.574
Cl1Na1O4,500,150.206
Cl1Na1O4,400,135.98
Cl1Na1O4,300,111.713
B1F4K1,298,114.483
B1F4K1,1400,177.456
B1F4K1,1300,173.038
B1F4K1,1200,168.619
B1F4K1,1100,164.197
B1F4K1,1000,159.779
B1F4K1,900,155.356
B1F4K1,843,152.838
B1F4K1,800,150.938
B1F4K1,700,146.519
B1F4K1,600,142.097
B1F4K1,556,156.027
B1F4K1,556,140.146
B1F4K1,500,146.963
B1F4K1,400,130.817
B1F4K1,300,114.78
Cu1O4S1,1900,168.908
Cu1O4S1,1800,167.569
Cu1O4S1,1700,166.147
Cu1O4S1,1600,164.724
Cu1O4S1,1500,163.218
Cu1O4S1,1400,161.628
Cu1O4S1,1300,159.954
Cu1O4S1,1200,158.113
Cu1O4S1,1100,156.063
Cu1O4S1,1000,153.762
Cu1O4S1,900,151.042
Cu1O4S1,800,147.695
Cu1O4S1,700,142.925
Cu1O4S1,600,136.315
Cu1O4S1,500,127.194
Cu1O4S1,400,114.934
Cu1O4S1,300,99.286
Cu1O4S1,298,98.868
H1Li1,1400,89.299
H1Li1,1300,83.994
H1Li1,1200,78.68
H1Li1,1100,73.362
H1Li1,1000,68.028
H1Li1,961.8,65.985
H1Li1,900,62.676
H1Li1,800,57.3
H1Li1,700,51.877
H1Li1,600,46.38
H1Li1,500,40.735
H1Li1,400,34.794
H1Li1,300,28.083
H1Li1,298,27.957
F2H1K1,1900,100.249
F2H1K1,1800,100.249
F2H1K1,1700,100.249
F2H1K1,1600,100.249
F2H1K1,1500,100.249
F2H1K1,1400,100.249
F2H1K1,1300,100.249
F2H1K1,1200,100.249
F2H1K1,1100,100.249
F2H1K1,1000,100.249
F2H1K1,900,100.249
F2H1K1,800,100.249
F2H1K1,700,100.249
F2H1K1,600,100.249
F2H1K1,511.95,100.249
F2H1K1,500,100.249
F2H1K1,469.85,92.45
F2H1K1,469.85,100.249
F2H1K1,400,86.065
F2H1K1,300,77.111
F2H1K1,298,76.94
B1H4Li1,298,82.539
B1H4Li1,1900,121.502
B1H4Li1,1800,121.007
B1H4Li1,1700,120.477
B1H4Li1,1600,119.913
B1H4Li1,1500,119.316
B1H4Li1,1400,118.684
B1H4Li1,1300,118.019
B1H4Li1,1200,117.319
B1H4Li1,1100,116.392
B1H4Li1,1000,115.353
B1H4Li1,900,114.349
B1H4Li1,800,113.052
B1H4Li1,700,109.914
B1H4Li1,600,105.144
B1H4Li1,500,98.282
B1H4Li1,400,91.002
B1H4Li1,300,82.989
Hg1O1,900,58.626
Hg1O1,800,57.509
Hg1O1,700,56.066
Hg1O1,600,54.12
Hg1O1,500,51.631
Hg1O1,400,48.325
Hg1O1,300,44.145
Hg1O1,298,44.062
Be3N2,298,64.358
Be3N2,2900,129.692
Be3N2,2800,129.677
Be3N2,2700,129.659
Be3N2,2600,129.639
Be3N2,2500,129.615
Be3N2,2473,129.606
Be3N2,2400,129.588
Be3N2,2300,129.559
Be3N2,2200,129.526
Be3N2,2100,129.49
Be3N2,2000,129.452
Be3N2,1900,129.411
Be3N2,1800,129.366
Be3N2,1700,129.319
Be3N2,1600,129.269
Be3N2,1500,129.047
Be3N2,1400,128.616
Be3N2,1300,127.926
Be3N2,1200,126.922
Be3N2,1100,125.52
Be3N2,1000,123.612
Be3N2,900,121.043
Be3N2,800,117.591
Be3N2,700,112.922
Be3N2,600,106.516
Be3N2,500,97.512
Be3N2,400,84.433
Be3N2,300,64.668
Fe1,2100,45.48
Fe1,2000,44.476
Fe1,1900,43.472
Fe1,1809,42.558
Fe1,1800,42.468
Fe1,1700,41.463
Fe1,1665,41.112
Fe1,1600,40.459
Fe1,1500,39.455
Fe1,1400,38.535
Fe1,1300,38.493
Fe1,1200,40.794
Fe1,1184,41.422
Fe1,1100,46.401
Fe1,1042,83.68
Fe1,1042,83.681
Fe1,1000,54.434
Fe1,900,43.095
Fe1,800,37.949
Fe1,700,34.602
Fe1,600,32.049
Fe1,500,29.702
Fe1,450,28.518
Fe1,400,27.386
Fe1,350,26.287
Fe1,300,25.14
Fe1,298,25.094
I2Mo1,1400,96.445
I2Mo1,1300,95.199
I2Mo1,1200,93.952
I2Mo1,1100,92.705
I2Mo1,1000,91.458
I2Mo1,900,90.211
I2Mo1,800,88.964
I2Mo1,700,87.718
I2Mo1,600,86.471
I2Mo1,500,85.224
I2Mo1,400,83.977
I2Mo1,300,82.73
I2Mo1,298,82.705
Cu1F1,1900,64.434
Cu1F1,1800,64.434
Cu1F1,1700,64.434
Cu1F1,1600,64.434
Cu1F1,1500,64.434
Cu1F1,1400,64.378
Cu1F1,1300,64.266
Cu1F1,1200,64.057
Cu1F1,1100,63.764
Cu1F1,1000,63.346
Cu1F1,900,62.802
Cu1F1,800,62.007
Cu1F1,700,60.961
Cu1F1,600,59.58
Cu1F1,500,57.656
Cu1F1,400,55.145
Cu1F1,300,51.965
Cu1F1,298,51.882
Cr1N1,298,52.677
Cr1N1,2400,62.467
Cr1N1,2300,61.714
Cr1N1,2200,61.003
Cr1N1,2100,60.375
Cr1N1,2000,59.831
Cr1N1,1900,59.078
Cr1N1,1800,58.367
Cr1N1,1700,57.697
Cr1N1,1600,57.028
Cr1N1,1500,56.379
Cr1N1,1400,55.689
Cr1N1,1300,55.02
Cr1N1,1200,54.392
Cr1N1,1100,53.723
Cr1N1,1000,53.053
Cr1N1,900,52.384
Cr1N1,800,51.714
Cr1N1,700,51.087
Cr1N1,600,50.417
Cr1N1,500,49.748
Cr1N1,400,49.078
Cr1N1,300,51.393
Fe1H3O3,1400,174.682
Fe1H3O3,1300,173.218
Fe1H3O3,1200,171.126
Fe1H3O3,1100,168.406
Fe1H3O3,1000,164.85
Fe1H3O3,900,160.247
Fe1H3O3,800,154.808
Fe1H3O3,700,148.114
Fe1H3O3,600,140.582
Fe1H3O3,500,129.704
Fe1H3O3,400,117.989
Fe1H3O3,300,102.09
Fe1H3O3,298,101.671
I1Li1,2400,76.191
I1Li1,2300,76.191
I1Li1,2200,76.191
I1Li1,2100,76.191
I1Li1,2000,76.191
I1Li1,1900,76.191
I1Li1,1800,76.191
I1Li1,1700,76.191
I1Li1,1600,76.191
I1Li1,1500,76.191
I1Li1,1400,75.877
I1Li1,1300,75.375
I1Li1,1200,74.559
I1Li1,1100,73.534
I1Li1,1000,71.965
I1Li1,900,69.517
I1Li1,800,66.107
I1Li1,700,62.258
I1Li1,600,58.66
I1Li1,500,55.948
I1Li1,400,53.43
I1Li1,300,50.187
I1Li1,298,50.082
Al1I3,298,98.91
Al1I3,1400,129.501
Al1I3,1300,129.319
Al1I3,1200,129.16
Al1I3,1100,128.875
Al1I3,1000,128.449
Al1I3,900,127.901
Al1I3,800,126.918
Al1I3,700,125.063
Al1I3,600,121.986
Al1I3,500,116.901
Al1I3,464.15,114.614
Al1I3,400,108.533
Al1I3,300,99.077
Fe1S1,1800,99.67
Fe1S1,1700,91.174
Fe1S1,1600,83.653
Fe1S1,1500,77.106
Fe1S1,1463,74.93
Fe1S1,1400,71.533
Fe1S1,1300,66.935
Fe1S1,1200,63.311
Fe1S1,1100,60.662
Fe1S1,1000,58.986
Fe1S1,900,58.286
Fe1S1,800,58.56
Fe1S1,700,59.808
Fe1S1,600,62.03
Fe1S1,598,72.358
Fe1S1,598,62.085
Fe1S1,500,72.358
Fe1S1,411,95.051
Fe1S1,411,72.358
Fe1S1,400,89.203
Fe1S1,300,50.671
Fe1S1,298,50.517
Al2Cl9K3,298,337.23
Al2Cl9K3,1400,466.934
Al2Cl9K3,1300,452.123
Al2Cl9K3,1200,438.818
Al2Cl9K3,1100,427.019
Al2Cl9K3,1000,416.726
Al2Cl9K3,900,407.94
Al2Cl9K3,800,400.66
Al2Cl9K3,700,390.807
Al2Cl9K3,600,379.74
Al2Cl9K3,500,367.272
Al2Cl9K3,400,353.13
Al2Cl9K3,300,337.858
I2Pb1,900,102.428
I2Pb1,800,95.102
I2Pb1,700,88.743
I2Pb1,683,87.78
I2Pb1,600,83.713
I2Pb1,500,80.391
I2Pb1,400,78.856
I2Pb1,300,77.613
I2Pb1,298,77.573
I4Zr1,900,138.365
I4Zr1,800,137.152
I4Zr1,700,135.938
I4Zr1,600,134.599
I4Zr1,500,133.009
I4Zr1,400,131.001
I4Zr1,300,127.88
I4Zr1,298,127.8
Hg1I2,1400,84.119
Hg1I2,1300,84.119
Hg1I2,1200,84.119
Hg1I2,1100,84.119
Hg1I2,1000,84.119
Hg1I2,900,84.119
Hg1I2,800,84.119
Hg1I2,700,84.119
Hg1I2,600,84.119
Hg1I2,530,84.119
Hg1I2,500,84.119
Hg1I2,402,82.09
Hg1I2,402,84.119
Hg1I2,400,82.006
Hg1I2,300,77.822
Hg1I2,298,77.747
H4I1N1,1900,153.599
H4I1N1,1800,157.144
H4I1N1,1700,159.166
H4I1N1,1600,159.666
H4I1N1,1500,158.643
H4I1N1,1400,156.098
H4I1N1,1300,152.03
H4I1N1,1200,146.44
H4I1N1,1100,139.327
H4I1N1,1000,132.089
H4I1N1,900,124.976
H4I1N1,800,117.696
H4I1N1,700,110.458
H4I1N1,600,103.261
H4I1N1,500,96.148
H4I1N1,400,88.998
H4I1N1,300,81.881
H4I1N1,298,81.755
Hf1,2400,42.073
Hf1,2300,41.372
Hf1,2200,40.671
Hf1,2100,39.97
Hf1,2054,39.648
Hf1,2000,39.269
Hf1,1900,38.569
Hf1,1800,37.868
Hf1,1700,37.167
Hf1,1600,36.466
Hf1,1500,35.765
Hf1,1400,35.064
Hf1,1300,34.372
Hf1,1200,33.572
Hf1,1100,32.759
Hf1,1000,31.943
Hf1,900,31.12
Hf1,800,30.288
Hf1,700,29.445
Hf1,600,28.583
Hf1,500,27.692
Hf1,450,27.23
Hf1,400,26.751
Hf1,350,26.247
Hf1,300,25.708
Hf1,298,25.687
F2Hg2,1400,125.825
F2Hg2,1300,124.872
F2Hg2,1200,123.709
F2Hg2,1100,122.334
F2Hg2,1000,120.748
F2Hg2,900,118.951
F2Hg2,800,116.943
F2Hg2,700,114.516
F2Hg2,600,111.671
F2Hg2,500,108.407
F2Hg2,400,104.684
F2Hg2,300,100.5
F2Hg2,298,100.416
I2Sr1,1400,108.24
I2Sr1,1300,105.493
I2Sr1,1200,102.717
I2Sr1,1100,99.971
I2Sr1,1000,97.236
I2Sr1,900,94.492
I2Sr1,811,92.048
I2Sr1,800,91.755
I2Sr1,700,88.994
I2Sr1,600,86.274
I2Sr1,500,83.513
I2Sr1,400,80.751
I2Sr1,300,78.032
I2Sr1,298,77.948
C1K2O3,298,114.437
C1K2O3,1900,273.299
C1K2O3,1800,263.927
C1K2O3,1700,254.555
C1K2O3,1600,245.182
C1K2O3,1500,235.81
C1K2O3,1400,226.438
C1K2O3,1300,217.066
C1K2O3,1200,207.695
C1K2O3,1174,205.259
C1K2O3,1100,198.321
C1K2O3,1000,188.949
C1K2O3,900,179.515
C1K2O3,800,170.043
C1K2O3,700,160.483
C1K2O3,600,150.666
C1K2O3,500,140.049
C1K2O3,400,128.135
C1K2O3,300,114.699
C1N1Na1,298,68.681
C1N1Na1,288.5001548,111.063
C1N1Na1,1900,70.191
C1N1Na1,1800,70.09
C1N1Na1,1700,69.988
C1N1Na1,1600,69.885
C1N1Na1,1500,69.781
C1N1Na1,1400,69.676
C1N1Na1,1300,69.57
C1N1Na1,1200,69.462
C1N1Na1,1100,69.354
C1N1Na1,1000,69.245
C1N1Na1,900,69.145
C1N1Na1,835,69.082
C1N1Na1,800,69.046
C1N1Na1,700,68.945
C1N1Na1,600,68.848
C1N1Na1,500,68.752
C1N1Na1,400,
C1N1Na1,300,68.575
C1N1Na1,288,111.062
H2O4W1,900,182.422
H2O4W1,800,176.565
H2O4W1,700,170.707
H2O4W1,600,159.829
H2O4W1,500,146.44
H2O4W1,400,129.704
H2O4W1,300,112.968
H2O4W1,298,112.633
Ca1S1,298,47.442
Ca1S1,2900,61.421
Ca1S1,2800,61.045
Ca1S1,2700,60.668
Ca1S1,2600,60.291
Ca1S1,2500,59.899
Ca1S1,2400,59.496
Ca1S1,2300,59.115
Ca1S1,2200,58.743
Ca1S1,2100,58.382
Ca1S1,2000,58.032
Ca1S1,1900,
Ca1S1,1800,57.195
Ca1S1,1700,56.761
Ca1S1,1600,56.317
Ca1S1,1500,55.987
Ca1S1,1400,55.731
Ca1S1,1300,55.391
Ca1S1,1200,55.02
Ca1S1,1100,54.586
Ca1S1,1000,54.099
Ca1S1,900,53.555
Ca1S1,800,53.011
Ca1S1,700,52.342
Ca1S1,600,51.547
Ca1S1,500,50.501
Ca1S1,400,49.204
Ca1S1,300,47.447
K2O4S1,1100,239.365
K2O4S1,1000,226.116
K2O4S1,900,212.865
K2O4S1,857,207.169
K2O4S1,800,199.619
K2O4S1,700,186.368
K2O4S1,600,172.527
K2O4S1,500,160.733
K2O4S1,400,147.649
K2O4S1,300,131.666
K2O4S1,298,131.319
I2Mg1,1400,93.763
I2Mg1,1300,92.634
I2Mg1,1200,91.462
I2Mg1,1100,90.249
I2Mg1,1000,88.994
I2Mg1,907,87.864
I2Mg1,900,87.655
I2Mg1,800,86.274
I2Mg1,700,84.726
I2Mg1,600,83.011
I2Mg1,500,80.919
I2Mg1,400,78.408
I2Mg1,300,74.977
I2Mg1,298,74.81
Mg1O3Si1,2400,122.432
Mg1O3Si1,2300,122.432
Mg1O3Si1,2200,122.432
Mg1O3Si1,2100,122.432
Mg1O3Si1,2000,122.432
Mg1O3Si1,1900,122.432
Mg1O3Si1,1850,122.432
Mg1O3Si1,1800,122.432
Mg1O3Si1,1700,122.432
Mg1O3Si1,1600,122.432
Mg1O3Si1,1500,122.432
Mg1O3Si1,1400,122.432
Mg1O3Si1,1300,122.432
Mg1O3Si1,1258,120.34
Mg1O3Si1,1258,122.432
Mg1O3Si1,1200,120.34
Mg1O3Si1,1100,120.34
Mg1O3Si1,1000,120.34
Mg1O3Si1,903,119.788
Mg1O3Si1,903,120.34
Mg1O3Si1,900,119.675
Mg1O3Si1,800,115.78
Mg1O3Si1,700,111.621
Mg1O3Si1,600,106.997
Mg1O3Si1,500,101.512
Mg1O3Si1,400,94.194
Mg1O3Si1,300,82.228
Mg1O3Si1,298,81.927
Li3N1,1200,156.108
Li3N1,1100,148.693
Li3N1,1000,140.95
Li3N1,900,132.84
Li3N1,800,124.38
Li3N1,700,115.58
Li3N1,600,106.43
Li3N1,500,96.94
Li3N1,400,87.1
Li3N1,300,75.544
Li3N1,298,75.266
I2Zr1,1400,103.01
I2Zr1,1300,102.215
I2Zr1,1200,101.42
I2Zr1,1100,100.583
I2Zr1,1000,99.83
I2Zr1,900,99.621
I2Zr1,800,98.157
I2Zr1,700,97.445
I2Zr1,700,97.445
I2Zr1,600,96.609
I2Zr1,500,95.855
I2Zr1,400,95.019
I2Zr1,300,94.349
I2Zr1,298,94.14
H2Mg1,1900,74.883
H2Mg1,1800,74.475
H2Mg1,1700,74.088
H2Mg1,1600,73.722
H2Mg1,1500,73.204
H2Mg1,1400,72.592
H2Mg1,1300,71.761
H2Mg1,1200,70.751
H2Mg1,1100,69.486
H2Mg1,1000,67.99
H2Mg1,900,65.898
H2Mg1,800,63.095
H2Mg1,700,59.538
H2Mg1,600,55.229
H2Mg1,500,49.999
H2Mg1,400,43.304
H2Mg1,300,35.51
H2Mg1,298,35.334
I2Ti1,1900,97.889
I2Ti1,1800,97.161
I2Ti1,1700,96.433
I2Ti1,1600,95.705
I2Ti1,1500,94.977
I2Ti1,1400,94.249
I2Ti1,1300,93.521
I2Ti1,1200,92.793
I2Ti1,1100,92.065
I2Ti1,1000,91.337
I2Ti1,900,90.609
I2Ti1,800,89.881
I2Ti1,700,89.153
I2Ti1,600,88.425
I2Ti1,500,87.697
I2Ti1,400,86.969
I2Ti1,300,86.241
I2Ti1,298,86.228
H1K1,1400,63.301
H1K1,1300,62.701
H1K1,1200,61.923
H1K1,1100,60.966
H1K1,1000,59.831
H1K1,900,58.44
H1K1,800,56.819
H1K1,700,54.606
H1K1,600,51.923
H1K1,500,48.534
H1K1,400,44.141
H1K1,300,38.074
H1K1,298,37.907
Mg1O4W1,1900,195.602
Mg1O4W1,1800,191
Mg1O4W1,1700,186.606
Mg1O4W1,1600,182.004
Mg1O4W1,1500,177.611
Mg1O4W1,1400,173.008
Mg1O4W1,1300,168.615
Mg1O4W1,1200,164.013
Mg1O4W1,1100,159.41
Mg1O4W1,1000,154.808
Mg1O4W1,900,150.415
Mg1O4W1,800,146.147
Mg1O4W1,700,141.67
Mg1O4W1,600,137.026
Mg1O4W1,500,131.587
Mg1O4W1,400,123.428
Mg1O4W1,300,109.621
Mg1O4W1,298,109.077
I4Ti1,379,148.114
I4Ti1,300,125.947
I4Ti1,298,125.629
H1K1O1,298,64.894
H1K1O1,1400,78.659
H1K1O1,1300,78.659
H1K1O1,1200,78.659
H1K1O1,1100,78.659
H1K1O1,1000,78.659
H1K1O1,900,78.659
H1K1O1,800,78.659
H1K1O1,700,78.659
H1K1O1,679,78.659
H1K1O1,600,78.659
H1K1O1,516,80.961
H1K1O1,516,78.659
H1K1O1,500,79.58
H1K1O1,400,71.672
H1K1O1,300,65.011
I2,600,96.816
I2,500,81.207
I2,450,73.402
I2,400,65.598
I2,386.75,63.545
I2,350,58.605
I2,300,54.506
I2,298,54.436
Mn1,1800,48.446
Mn1,1700,47.624
Mn1,1600,46.803
Mn1,1519,46.108
Mn1,1500,45.982
Mn1,1412,43.514
Mn1,1412,45.229
Mn1,1400,43.43
Mn1,1361,39.204
Mn1,1361,43.095
Mn1,1300,38.953
Mn1,1200,38.535
Mn1,1100,38.116
Mn1,1000,37.698
Mn1,980,37.545
Mn1,980,37.572
Mn1,900,36.384
Mn1,800,34.915
Mn1,700,33.426
Mn1,600,31.899
Mn1,500,30.292
Mn1,450,30.02
Mn1,400,28.527
Mn1,350,27.516
Mn1,300,26.347
Mn1,298,26.299
F1K1,298,48.982
F1K1,1900,71.128
F1K1,1800,71.128
F1K1,1700,71.128
F1K1,1600,70.919
F1K1,1500,70.5
F1K1,1400,69.789
F1K1,1300,68.618
F1K1,1200,66.777
F1K1,1131,64.852
F1K1,1100,63.848
F1K1,1000,61.17
F1K1,900,59.078
F1K1,800,57.404
F1K1,700,55.856
F1K1,600,54.266
F1K1,500,52.718
F1K1,400,51.045
F1K1,300,49.022
Li2O3Si1,2400,186.461
Li2O3Si1,2300,184.565
Li2O3Si1,2200,182.59
Li2O3Si1,2100,180.537
Li2O3Si1,2000,178.406
Li2O3Si1,1900,176.188
Li2O3Si1,1800,173.887
Li2O3Si1,1700,171.502
Li2O3Si1,1600,169.034
Li2O3Si1,1500,166.523
Li2O3Si1,1474,165.856
Li2O3Si1,1400,163.942
Li2O3Si1,1300,161.293
Li2O3Si1,1200,158.574
Li2O3Si1,1100,155.576
Li2O3Si1,1000,152.302
Li2O3Si1,900,148.565
Li2O3Si1,800,144.432
Li2O3Si1,700,139.649
Li2O3Si1,600,134.306
Li2O3Si1,500,127.809
Li2O3Si1,400,118.826
Li2O3Si1,300,101.01
Li2O3Si1,298,100.567
K2O1,1900,150.083
K2O1,1800,145.993
K2O1,1700,141.91
K2O1,1600,137.833
K2O1,1500,133.762
K2O1,1400,129.699
K2O1,1300,125.642
K2O1,1200,121.592
K2O1,1100,117.549
K2O1,1000,113.512
K2O1,900,109.455
K2O1,800,105.395
K2O1,700,101.384
K2O1,600,97.404
K2O1,500,94.266
K2O1,400,91.546
K2O1,300,83.889
K2O1,298,83.68
Mg1O4S1,2400,186.259
Mg1O4S1,2300,185.067
Mg1O4S1,2200,183.807
Mg1O4S1,2100,182.468
Mg1O4S1,2000,181.033
Mg1O4S1,1900,179.477
Mg1O4S1,1800,177.778
Mg1O4S1,1700,175.895
Mg1O4S1,1600,173.787
Mg1O4S1,1500,171.389
Mg1O4S1,1400,168.619
Mg1O4S1,1400,168.619
Mg1O4S1,1300,165.352
Mg1O4S1,1200,161.419
Mg1O4S1,1100,156.691
Mg1O4S1,1000,151.67
Mg1O4S1,900,146.231
Mg1O4S1,800,140.499
Mg1O4S1,700,134.306
Mg1O4S1,600,127.612
Mg1O4S1,500,119.411
Mg1O4S1,400,109.997
Mg1O4S1,300,96.441
Mg1O4S1,298,96.232
Al1Na1O2,298,73.638
Al1Na1O2,2900,129.243
Al1Na1O2,2800,128.666
Al1Na1O2,2700,127.973
Al1Na1O2,2600,127.163
Al1Na1O2,2500,126.237
Al1Na1O2,2400,125.194
Al1Na1O2,2300,124.034
Al1Na1O2,2200,122.759
Al1Na1O2,2100,121.366
Al1Na1O2,2000,119.858
Al1Na1O2,1900,118.233
Al1Na1O2,1800,116.491
Al1Na1O2,1700,114.751
Al1Na1O2,1600,112.943
Al1Na1O2,1500,111.169
Al1Na1O2,1400,109.395
Al1Na1O2,1300,107.621
Al1Na1O2,1200,105.847
Al1Na1O2,1100,104.073
Al1Na1O2,1000,102.299
Al1Na1O2,900,100.525
Al1Na1O2,800,98.751
Al1Na1O2,740,99.788
Al1Na1O2,740,97.696
Al1Na1O2,700,98.291
Al1Na1O2,600,94.27
Al1Na1O2,500,89.563
Al1Na1O2,400,83.412
Al1Na1O2,300,73.889
Mo1O2.889,1400,124.679
Mo1O2.889,1300,119.846
Mo1O2.889,1200,115.105
Mo1O2.889,1100,110.476
Mo1O2.889,1000,105.973
Mo1O2.889,900,101.611
Mo1O2.889,800,97.415
Mo1O2.889,700,93.383
Mo1O2.889,600,89.487
Mo1O2.889,500,85.55
Mo1O2.889,400,80.923
Mo1O2.889,300,72.995
Mo1O2.889,298,72.772
Mo1O2.750,1400,119.553
Mo1O2.750,1300,115.05
Mo1O2.750,1200,110.638
Mo1O2.750,1100,106.331
Mo1O2.750,1000,102.139
Mo1O2.750,900,98.072
Mo1O2.750,800,94.145
Mo1O2.750,700,90.344
Mo1O2.750,600,86.626
Mo1O2.750,500,82.797
Mo1O2.750,400,78.208
Mo1O2.750,300,70.354
Mo1O2.750,298,70.135
N0.465V1,3400,66.777
N0.465V1,3300,65.898
N0.465V1,3200,65.019
N0.465V1,3100,64.141
N0.465V1,3000,63.304
N0.465V1,2900,62.425
N0.465V1,2800,61.505
N0.465V1,2700,60.584
N0.465V1,2600,59.622
N0.465V1,2500,58.743
N0.465V1,2400,57.907
N0.465V1,2300,56.902
N0.465V1,2200,55.94
N0.465V1,2100,54.936
N0.465V1,2000,53.974
N0.465V1,1900,52.928
N0.465V1,1800,51.999
N0.465V1,1700,50.823
N0.465V1,1600,49.643
N0.465V1,1500,48.455
N0.465V1,1400,47.262
N0.465V1,1300,46.066
N0.465V1,1200,44.852
N0.465V1,1100,43.627
N0.465V1,1000,42.376
N0.465V1,900,41.095
N0.465V1,800,39.765
N0.465V1,700,38.359
N0.465V1,600,36.815
N0.465V1,500,35.016
N0.465V1,400,32.677
N0.465V1,300,28.971
N0.465V1,298,28.877
Mg2O4Ti1,2900,243.086
Mg2O4Ti1,2800,240.685
Mg2O4Ti1,2700,238.212
Mg2O4Ti1,2600,235.668
Mg2O4Ti1,2500,233.049
Mg2O4Ti1,2400,230.358
Mg2O4Ti1,2300,227.593
Mg2O4Ti1,2200,224.752
Mg2O4Ti1,2100,221.831
Mg2O4Ti1,2013,219.233
Mg2O4Ti1,1900,215.765
Mg2O4Ti1,1800,212.61
Mg2O4Ti1,1700,209.367
Mg2O4Ti1,1600,206.041
Mg2O4Ti1,1500,202.614
Mg2O4Ti1,1400,199.091
Mg2O4Ti1,1300,195.456
Mg2O4Ti1,1200,191.69
Mg2O4Ti1,1100,187.778
Mg2O4Ti1,1000,183.686
Mg2O4Ti1,900,179.36
Mg2O4Ti1,800,174.707
Mg2O4Ti1,700,169.582
Mg2O4Ti1,600,163.686
Mg2O4Ti1,500,156.41
Mg2O4Ti1,400,146.285
Mg2O4Ti1,300,129.026
Mg2O4Ti1,298,128.574
K1O2,1400,96.148
K1O2,1300,95.981
K1O2,1200,95.73
K1O2,1100,95.395
K1O2,1000,94.893
K1O2,900,94.224
K1O2,800,93.22
K1O2,700,91.922
K1O2,600,90.165
K1O2,500,87.655
K1O2,400,83.889
K1O2,300,77.613
K1O2,298,77.53
Mo1O3,1400,128.779
Mo1O3,1300,123.683
Mo1O3,1200,118.679
Mo1O3,1100,113.792
Mo1O3,1074,112.562
Mo1O3,1000,109.039
Mo1O3,900,104.441
Mo1O3,800,100.031
Mo1O3,700,95.814
Mo1O3,600,91.776
Mo1O3,500,87.751
Mo1O3,400,83.094
Mo1O3,300,75.107
Mo1O3,298,74.881
C1Na2O3,298,111.003
C1Na2O3,1900,220.204
C1Na2O3,1800,218.656
C1Na2O3,1700,216.899
C1Na2O3,1600,214.765
C1Na2O3,1500,212.547
C1Na2O3,1400,209.744
C1Na2O3,1300,206.188
C1Na2O3,1200,200.748
C1Na2O3,1123.15,195.101
C1Na2O3,1100,192.046
C1Na2O3,1000,179.201
C1Na2O3,900,166.23
C1Na2O3,800,153.344
C1Na2O3,723.15,193.385
C1Na2O3,723.15,143.762
C1Na2O3,700,187.569
C1Na2O3,600,163.302
C1Na2O3,500,142.214
C1Na2O3,400,125.102
C1Na2O3,300,111.253
K2S1,1900,142.34
K2S1,1800,142.34
K2S1,1700,142.34
K2S1,1600,142.34
K2S1,1500,142.34
K2S1,1400,142.34
K2S1,1300,142.34
K2S1,1221,142.34
K2S1,1200,142.34
K2S1,1100,142.34
K2S1,1050,194.982
K2S1,1050,194.985
K2S1,1000,156.063
K2S1,900,103.554
K2S1,800,87.738
K2S1,700,85.144
K2S1,600,82.508
K2S1,500,79.914
K2S1,400,77.32
K2S1,300,74.726
K2S1,298,74.684
Mo1S2,2300,88.659
Mo1S2,2200,87.906
Mo1S2,2100,87.111
Mo1S2,2000,86.358
Mo1S2,1900,85.605
Mo1S2,1800,84.81
Mo1S2,1700,84.057
Mo1S2,1600,83.262
Mo1S2,1500,82.467
Mo1S2,1400,81.672
Mo1S2,1300,80.835
Mo1S2,1200,79.998
Mo1S2,1100,79.119
Mo1S2,1000,78.241
Mo1S2,900,77.278
Mo1S2,800,76.232
Mo1S2,700,75.019
Mo1S2,600,73.597
Mo1S2,500,71.756
Mo1S2,400,68.91
Mo1S2,300,63.68
Mo1S2,298,63.555
Li2O3Ti1,2900,223.426
Li2O3Ti1,2800,220.078
Li2O3Ti1,2700,216.731
Li2O3Ti1,2600,213.384
Li2O3Ti1,2500,210.037
Li2O3Ti1,2400,206.69
Li2O3Ti1,2300,203.342
Li2O3Ti1,2200,199.995
Li2O3Ti1,2100,196.648
Li2O3Ti1,2000,193.301
Li2O3Ti1,1900,189.954
Li2O3Ti1,1820,187.276
Li2O3Ti1,1800,186.606
Li2O3Ti1,1700,183.259
Li2O3Ti1,1600,179.912
Li2O3Ti1,1500,176.565
Li2O3Ti1,1485,160.344
Li2O3Ti1,1485,176.063
Li2O3Ti1,1400,159.494
Li2O3Ti1,1300,158.49
Li2O3Ti1,1200,157.318
Li2O3Ti1,1100,155.812
Li2O3Ti1,1000,153.888
Li2O3Ti1,900,151.67
Li2O3Ti1,800,149.034
Li2O3Ti1,700,145.854
Li2O3Ti1,600,141.503
Li2O3Ti1,500,135.645
Li2O3Ti1,400,127.361
Li2O3Ti1,300,110.75
Li2O3Ti1,298,109.855
I4Mo1,500,137.193
I4Mo1,400,137.193
I4Mo1,300,137.193
I4Mo1,298,137.193
Ba1S1,298,49.374
Ba1S1,2900,72.221
Ba1S1,2800,71.463
Ba1S1,2700,70.694
Ba1S1,2600,69.915
Ba1S1,2500,69.156
Ba1S1,2400,68.408
Ba1S1,2300,67.64
Ba1S1,2200,66.86
Ba1S1,2100,66.086
Ba1S1,2000,65.312
Ba1S1,1900,64.554
Ba1S1,1800,63.806
Ba1S1,1700,63.037
Ba1S1,1600,62.258
Ba1S1,1500,61.5
Ba1S1,1400,60.752
Ba1S1,1300,59.983
Ba1S1,1200,59.204
Ba1S1,1100,58.43
Ba1S1,1000,57.656
Ba1S1,900,56.777
Ba1S1,800,55.982
Ba1S1,700,55.061
Ba1S1,600,54.057
Ba1S1,500,52.718
Ba1S1,400,51.128
Ba1S1,300,49.407
Na2O3Si1,2400,214.781
Na2O3Si1,2300,212.016
Na2O3Si1,2200,209.213
Na2O3Si1,2100,206.376
Na2O3Si1,2000,203.489
Na2O3Si1,1900,200.556
Na2O3Si1,1800,197.56
Na2O3Si1,1700,195.748
Na2O3Si1,1600,191.347
Na2O3Si1,1500,188.1
Na2O3Si1,1400,184.736
Na2O3Si1,1362,183.407
Na2O3Si1,1300,181.23
Na2O3Si1,1200,177.54
Na2O3Si1,1100,173.628
Na2O3Si1,1000,169.423
Na2O3Si1,900,164.841
Na2O3Si1,800,159.749
Na2O3Si1,700,153.946
Na2O3Si1,600,147.114
Na2O3Si1,500,138.716
Na2O3Si1,400,127.779
Na2O3Si1,300,112.395
Na2O3Si1,298,111.88
I3Mo1,298,108.889
I3Mo1,900,118.897
I3Mo1,800,117.231
I3Mo1,700,115.57
I3Mo1,600,113.909
I3Mo1,500,112.244
I3Mo1,400,110.583
I3Mo1,300,108.918
Mg1S1,2900,59.789
Mg1S1,2800,59.371
Mg1S1,2700,58.953
Mg1S1,2600,58.534
Mg1S1,2500,58.131
Mg1S1,2400,57.739
Mg1S1,2300,57.326
Mg1S1,2200,56.902
Mg1S1,2100,56.468
Mg1S1,2000,56.024
Mg1S1,1900,55.647
Mg1S1,1800,55.312
Mg1S1,1700,54.91
Mg1S1,1600,54.476
Mg1S1,1500,54.073
Mg1S1,1400,53.681
Mg1S1,1300,53.252
Mg1S1,1200,52.802
Mg1S1,1100,52.347
Mg1S1,1000,51.882
Mg1S1,900,51.463
Mg1S1,800,51.003
Mg1S1,700,50.543
Mg1S1,600,49.915
Mg1S1,500,48.953
Mg1S1,400,47.614
Mg1S1,300,45.647
Mg1S1,298,45.564
Cu2O5S1,298,141.043
Cu2O5S1,1400,230.329
Cu2O5S1,1300,226.313
Cu2O5S1,1200,221.752
Cu2O5S1,1100,217.15
Cu2O5S1,1000,212.547
Cu2O5S1,900,207.526
Cu2O5S1,800,202.129
Cu2O5S1,700,195.811
Cu2O5S1,600,187.82
Cu2O5S1,500,176.983
Cu2O5S1,400,162.339
Cu2O5S1,300,141.419
K2O2,1900,200.782
K2O2,1800,194.857
K2O2,1700,188.916
K2O2,1600,182.958
K2O2,1500,176.983
K2O2,1400,170.992
K2O2,1300,164.983
K2O2,1200,158.959
K2O2,1100,152.917
K2O2,1000,146.858
K2O2,900,140.798
K2O2,800,134.725
K2O2,700,127.952
K2O2,600,120.708
K2O2,500,115.478
K2O2,400,107.11
K2O2,300,100.374
K2O2,298,100.165
Mg1O3Ti1,2900,158.302
Mg1O3Ti1,2800,156.615
Mg1O3Ti1,2700,154.975
Mg1O3Ti1,2600,153.381
Mg1O3Ti1,2500,151.825
Mg1O3Ti1,2400,150.31
Mg1O3Ti1,2300,148.833
Mg1O3Ti1,2200,147.394
Mg1O3Ti1,2100,145.98
Mg1O3Ti1,2000,144.595
Mg1O3Ti1,1953,143.949
Mg1O3Ti1,1900,143.231
Mg1O3Ti1,1800,141.879
Mg1O3Ti1,1700,140.532
Mg1O3Ti1,1600,139.185
Mg1O3Ti1,1500,137.821
Mg1O3Ti1,1400,136.423
Mg1O3Ti1,1300,134.972
Mg1O3Ti1,1200,133.432
Mg1O3Ti1,1100,131.775
Mg1O3Ti1,1000,129.938
Mg1O3Ti1,900,127.846
Mg1O3Ti1,800,125.382
Mg1O3Ti1,700,122.353
Mg1O3Ti1,600,118.453
Mg1O3Ti1,500,113.123
Mg1O3Ti1,400,105.244
Mg1O3Ti1,300,92.203
Mg1O3Ti1,298,91.881
Na2S2,900,132.164
Na2S2,800,126.591
Na2S2,753,123.972
Na2S2,700,121.018
Na2S2,600,115.445
Na2S2,500,109.872
Na2S2,400,104.299
Na2S2,300,98.726
Na2S2,298,98.625
I3Ti1,298,116.771
I3Ti1,1400,124.792
I3Ti1,1300,124.064
I3Ti1,1200,123.336
I3Ti1,1100,122.608
I3Ti1,1000,121.88
I3Ti1,900,121.152
I3Ti1,800,120.424
I3Ti1,700,119.696
I3Ti1,600,118.968
I3Ti1,500,118.24
I3Ti1,400,117.512
I3Ti1,300,116.784
Li2O2,1900,163.628
Li2O2,1800,159.005
Li2O2,1700,154.318
Li2O2,1600,149.57
Li2O2,1500,144.766
Li2O2,1400,139.905
Li2O2,1300,134.98
Li2O2,1200,129.997
Li2O2,1100,124.892
Li2O2,1000,119.704
Li2O2,900,114.432
Li2O2,800,109.077
Li2O2,700,103.428
Li2O2,600,97.445
Li2O2,500,90.793
Li2O2,400,82.676
Li2O2,300,70.919
Li2O2,298,70.626
I3Zr1,298,103.818
I3Zr1,1900,107.947
I3Zr1,1800,107.905
I3Zr1,1700,107.864
I3Zr1,1600,107.822
I3Zr1,1500,107.78
I3Zr1,1400,107.738
I3Zr1,1300,107.696
I3Zr1,1200,107.612
I3Zr1,1100,107.529
I3Zr1,1000,107.445
I3Zr1,900,107.32
I3Zr1,800,107.11
I3Zr1,700,106.901
I3Zr1,600,106.692
I3Zr1,500,106.274
I3Zr1,400,105.855
I3Zr1,300,103.897
Al2Mg1O4,298,116.198
Al2Mg1O4,2700,242.291
Al2Mg1O4,2600,238.697
Al2Mg1O4,2500,235.095
Al2Mg1O4,2408,231.777
Al2Mg1O4,2400,231.488
Al2Mg1O4,2300,227.877
Al2Mg1O4,2200,224.254
Al2Mg1O4,2100,220.622
Al2Mg1O4,2000,216.982
Al2Mg1O4,1900,213.325
Al2Mg1O4,1800,209.652
Al2Mg1O4,1700,205.962
Al2Mg1O4,1600,202.238
Al2Mg1O4,1500,198.485
Al2Mg1O4,1400,194.686
Al2Mg1O4,1300,190.828
Al2Mg1O4,1200,186.895
Al2Mg1O4,1100,182.853
Al2Mg1O4,1000,178.657
Al2Mg1O4,900,174.238
Al2Mg1O4,800,169.473
Al2Mg1O4,700,164.155
Al2Mg1O4,600,157.887
Al2Mg1O4,500,149.829
Al2Mg1O4,400,137.988
Al2Mg1O4,300,116.533
N1Ti1,4400,84.152
N1Ti1,4300,83.161
N1Ti1,4200,82.171
N1Ti1,4100,81.182
N1Ti1,4000,80.193
N1Ti1,3900,79.203
N1Ti1,3800,78.215
N1Ti1,3700,77.228
N1Ti1,3600,76.244
N1Ti1,3500,75.262
N1Ti1,3400,74.279
N1Ti1,3300,73.295
N1Ti1,3220,72.513
N1Ti1,3200,72.316
N1Ti1,3100,71.337
N1Ti1,3000,70.362
N1Ti1,2900,69.387
N1Ti1,2800,68.413
N1Ti1,2700,67.446
N1Ti1,2600,66.48
N1Ti1,2500,65.517
N1Ti1,2400,64.559
N1Ti1,2300,63.605
N1Ti1,2200,62.655
N1Ti1,2100,61.71
N1Ti1,2000,60.777
N1Ti1,1900,59.848
N1Ti1,1800,58.927
N1Ti1,1700,58.02
N1Ti1,1600,57.128
N1Ti1,1500,56.246
N1Ti1,1400,55.384
N1Ti1,1300,54.538
N1Ti1,1200,53.718
N1Ti1,1100,52.919
N1Ti1,1000,52.145
N1Ti1,900,51.384
N1Ti1,800,50.618
N1Ti1,700,49.781
N1Ti1,600,48.723
N1Ti1,500,47.057
N1Ti1,400,43.811
N1Ti1,300,37.238
N1Ti1,298,37.079
N1V1,3400,76.191
N1V1,3300,75.312
N1V1,3200,74.475
N1V1,3100,73.638
N1V1,3000,72.802
N1V1,2900,71.923
N1V1,2800,71.044
N1V1,2700,70.166
N1V1,2600,69.287
N1V1,2500,68.408
N1V1,2400,67.53
N1V1,2300,66.651
N1V1,2200,65.772
N1V1,2100,64.852
N1V1,2000,63.932
N1V1,1900,62.969
N1V1,1800,62.049
N1V1,1700,61.17
N1V1,1600,60.124
N1V1,1500,59.091
N1V1,1400,58.045
N1V1,1300,56.986
N1V1,1200,55.907
N1V1,1100,54.806
N1V1,1000,53.668
N1V1,900,52.48
N1V1,800,51.212
N1V1,700,49.819
N1V1,600,48.208
N1V1,500,46.183
N1V1,400,43.296
N1V1,300,38.2
N1V1,298,37.981
Na1O2,1900,137.587
Na1O2,1800,133.478
Na1O2,1700,129.386
Na1O2,1600,125.311
Na1O2,1500,121.252
Na1O2,1400,117.211
Na1O2,1300,113.186
Na1O2,1200,109.177
Na1O2,1100,105.186
Na1O2,1000,101.211
Na1O2,900,96.962
Na1O2,800,92.634
Na1O2,700,88.502
Na1O2,600,84.475
Na1O2,500,80.375
Na1O2,400,76.274
Na1O2,300,72.216
Na1O2,298,72.141
Ni1S1,1600,80.124
Ni1S1,1500,77.278
Ni1S1,1400,74.433
Ni1S1,1300,71.588
Ni1S1,1249,70.137
Ni1S1,1200,68.743
Ni1S1,1100,65.898
Ni1S1,1000,63.053
Ni1S1,900,60.208
Ni1S1,800,57.363
Ni1S1,700,54.518
Ni1S1,652,56.372
Ni1S1,652,53.152
Ni1S1,600,55.312
Ni1S1,500,53.053
Ni1S1,400,50.501
Ni1S1,300,47.196
Ni1S1,298,47.112
Na2O1,1900,104.47
Na2O1,1800,103.617
Na2O1,1700,102.734
Na2O1,1600,101.822
Na2O1,1500,100.868
Na2O1,1405.2,99.913
Na2O1,1400,99.86
Na2O1,1300,98.788
Na2O1,1243.15,98.14
Na2O1,1243.15,98.142
Na2O1,1200,97.629
Na2O1,1100,96.353
Na2O1,1023.15,95.264
Na2O1,1023.15,95.265
Na2O1,1000,94.918
Na2O1,900,93.266
Na2O1,800,91.291
Na2O1,700,88.851
Na2O1,600,85.709
Na2O1,500,81.496
Na2O1,400,75.776
Na2O1,300,69.245
Na2O1,298,69.103
I4Si1,298,108.035
I4Si1,400,116.943
I4Si1,393.65,116.388
I4Si1,300,108.198
B1Li1O2,298,60.371
B1Li1O2,1900,158.636
B1Li1O2,1800,153.072
B1Li1O2,1700,147.507
B1Li1O2,1600,141.938
B1Li1O2,1500,136.369
B1Li1O2,1400,130.788
B1Li1O2,1300,125.202
B1Li1O2,1200,119.604
B1Li1O2,1117,114.943
B1Li1O2,1100,113.989
B1Li1O2,1000,108.353
B1Li1O2,900,102.675
B1Li1O2,800,96.939
B1Li1O2,700,91.098
B1Li1O2,600,85.057
B1Li1O2,500,78.605
B1Li1O2,400,71.145
B1Li1O2,300,60.618
O1Ti1,2400,84.224
O1Ti1,2300,82.467
O1Ti1,2200,80.668
O1Ti1,2100,78.91
O1Ti1,2000,77.153
O1Ti1,1900,75.396
O1Ti1,1800,73.597
O1Ti1,1700,71.839
O1Ti1,1600,70.04
O1Ti1,1500,68.241
O1Ti1,1400,66.442
O1Ti1,1300,64.643
O1Ti1,1265,63.998
O1Ti1,1200,62.802
O1Ti1,1100,60.961
O1Ti1,1000,59.078
O1Ti1,900,57.153
O1Ti1,800,55.187
O1Ti1,700,53.095
O1Ti1,600,50.836
O1Ti1,500,48.242
O1Ti1,400,44.978
O1Ti1,300,40.062
O1Ti1,298,39.957
H1Li1O1,298,49.591
H1Li1O1,1400,97.115
H1Li1O1,1300,93.705
H1Li1O1,1200,90.274
H1Li1O1,1100,86.814
H1Li1O1,1000,83.308
H1Li1O1,900,79.747
H1Li1O1,800,76.086
H1Li1O1,744.3,73.97
H1Li1O1,700,72.279
H1Li1O1,600,68.208
H1Li1O1,500,63.647
H1Li1O1,400,58.053
H1Li1O1,300,49.761
Nb1O1,2700,66.871
Nb1O1,2600,65.982
Nb1O1,2500,65.091
Nb1O1,2400,64.199
Nb1O1,2300,63.306
Nb1O1,2210,62.501
Nb1O1,2200,62.413
Nb1O1,2100,61.526
Nb1O1,2000,60.626
Nb1O1,1900,59.73
Nb1O1,1800,58.831
Nb1O1,1700,57.929
Nb1O1,1600,57.024
Nb1O1,1500,56.117
Nb1O1,1400,55.208
Nb1O1,1300,54.287
Nb1O1,1200,53.359
Nb1O1,1100,52.418
Nb1O1,1000,51.467
Nb1O1,900,50.481
Nb1O1,800,49.467
Nb1O1,700,48.369
Nb1O1,600,47.204
Nb1O1,500,45.827
Nb1O1,400,44.032
Nb1O1,300,41.187
Nb1O1,298,41.112
F2Mg1,298,61.547
F2Mg1,1900,85.178
F2Mg1,1800,84.776
F2Mg1,1700,84.358
F2Mg1,1600,83.923
F2Mg1,1536,83.635
F2Mg1,1500,83.467
F2Mg1,1400,82.977
F2Mg1,1300,82.454
F2Mg1,1200,81.877
F2Mg1,1100,81.237
F2Mg1,1000,80.496
F2Mg1,900,79.626
F2Mg1,800,78.555
F2Mg1,700,77.178
F2Mg1,600,75.32
F2Mg1,500,72.634
F2Mg1,400,68.484
F2Mg1,300,61.689
Nb1,3100,53.879
Nb1,3000,50.41
Nb1,2900,47.342
Nb1,2800,44.643
Nb1,2750,43.423
Nb1,2700,42.283
Nb1,2600,40.233
Nb1,2500,38.635
Nb1,2400,37.317
Nb1,2300,36.192
Nb1,2200,35.187
Nb1,2100,34.275
Nb1,2000,33.43
Nb1,1900,32.639
Nb1,1800,31.903
Nb1,1700,31.221
Nb1,1600,30.606
Nb1,1500,30.062
Nb1,1400,29.589
Nb1,1300,29.179
Nb1,1200,28.798
Nb1,1100,28.405
Nb1,1000,27.999
Nb1,900,27.593
Nb1,800,27.183
Nb1,600,26.347
Nb1,500,25.899
Nb1,450,25.653
Nb1,400,25.393
Nb1,350,25.088
Nb1,300,24.711
Nb1,298,24.694
O3Ti2,2900,157.151
O3Ti2,2800,156.774
O3Ti2,2700,156.398
O3Ti2,2600,155.98
O3Ti2,2500,155.603
O3Ti2,2400,155.185
O3Ti2,2300,154.766
O3Ti2,2200,154.306
O3Ti2,2115,153.953
O3Ti2,2100,153.888
O3Ti2,2000,153.427
O3Ti2,1900,152.925
O3Ti2,1800,152.465
O3Ti2,1700,151.921
O3Ti2,1600,151.377
O3Ti2,1500,150.75
O3Ti2,1400,150.08
O3Ti2,1300,149.369
O3Ti2,1200,148.532
O3Ti2,1100,147.528
O3Ti2,1000,146.356
O3Ti2,900,144.892
O3Ti2,800,142.967
O3Ti2,700,140.331
O3Ti2,600,136.44
O3Ti2,500,130.248
O3Ti2,470.01,141.716
O3Ti2,470.01,127.653
O3Ti2,400,117.529
O3Ti2,300,96.19
O3Ti2,298,95.814
Ca1,298,25.929
Ca1,1000,39.026
Ca1,900,36.819
Ca1,800,34.613
Ca1,716,32.737
Ca1,700,32.406
Ca1,600,30.382
Ca1,500,28.487
Ca1,450,27.643
Ca1,400,26.868
Ca1,350,26.32
Ca1,300,25.946
Nb1O2,2700,83.052
Nb1O2,2600,83.052
Nb1O2,2500,83.052
Nb1O2,2400,83.052
Nb1O2,2300,83.052
Nb1O2,2200,83.052
Nb1O2,2175,83.052
Nb1O2,2100,83.052
Nb1O2,2000,83.052
Nb1O2,1900,83.052
Nb1O2,1800,83.052
Nb1O2,1700,83.052
Nb1O2,1600,83.052
Nb1O2,1500,83.052
Nb1O2,1400,83.052
Nb1O2,1300,83.052
Nb1O2,1200,92.885
Nb1O2,1200,92.885
Nb1O2,1200,83.052
Nb1O2,1100,92.885
Nb1O2,1090,91.144
Nb1O2,1090,92.885
Nb1O2,1000,87.5
Nb1O2,900,83.479
Nb1O2,800,79.496
Nb1O2,700,75.555
Nb1O2,600,71.651
Nb1O2,500,67.739
Nb1O2,400,63.547
Nb1O2,300,57.605
Nb1O2,298,57.452
O3Pb1Si1,1900,137.152
O3Pb1Si1,1800,136.775
O3Pb1Si1,1700,136.189
O3Pb1Si1,1600,135.645
O3Pb1Si1,1500,135.018
O3Pb1Si1,1400,134.223
O3Pb1Si1,1300,133.428
O3Pb1Si1,1200,132.591
O3Pb1Si1,1100,131.545
O3Pb1Si1,1000,130.332
O3Pb1Si1,900,128.784
O3Pb1Si1,800,126.566
O3Pb1Si1,700,123.428
O3Pb1Si1,600,118.742
O3Pb1Si1,500,111.964
O3Pb1Si1,400,102.843
O3Pb1Si1,300,90.333
O3Pb1Si1,298,90.04
O4Pb3,1400,224.262
O4Pb3,1300,220.078
O4Pb3,1200,215.894
O4Pb3,1100,211.71
O4Pb3,1000,207.526
O4Pb3,900,203.342
O4Pb3,800,199.158
O4Pb3,700,194.974
O4Pb3,600,190.79
O4Pb3,500,184.096
O4Pb3,400,173.05
O4Pb3,300,155.344
O4Pb3,298,154.934
O3W1,2900,128.867
O3W1,2800,127.194
O3W1,2700,125.52
O3W1,2600,123.846
O3W1,2500,122.173
O3W1,2400,120.499
O3W1,2300,118.826
O3W1,2200,117.152
O3W1,2100,115.478
O3W1,2000,113.805
O3W1,1900,112.131
O3W1,1800,110.458
O3W1,1745,109.537
,,108.787
O3W1,1600,107.149
O3W1,1500,105.512
O3W1,1400,103.875
O3W1,1300,102.238
O3W1,1200,100.601
O3W1,1100,98.963
O3W1,1050,102.508
O3W1,1050,98.144
O3W1,1000,101.671
O3W1,900,99.923
O3W1,800,98.239
O3W1,700,96.141
O3W1,600,93.113
O3W1,500,88.641
O3W1,400,82.209
O3W1,300,73.304
O3W1,298,73.139
O7Ti4,2300,322.545
O7Ti4,2200,320.913
O7Ti4,2100,319.281
O7Ti4,2000,317.607
O7Ti4,1950,316.729
O7Ti4,1900,315.85
O7Ti4,1800,314.051
O7Ti4,1700,312.21
O7Ti4,1600,310.285
O7Ti4,1500,308.235
O7Ti4,1400,306.018
O7Ti4,1300,303.675
O7Ti4,1200,301.081
O7Ti4,1100,298.152
O7Ti4,1000,294.805
O7Ti4,900,290.83
O7Ti4,800,285.976
O7Ti4,700,279.659
O7Ti4,600,271.165
O7Ti4,500,258.864
O7Ti4,400,239.911
O7Ti4,300,209.2
O7Ti4,298,208.489
K1,298,29.497
K1,350,38.484
K1,336.35,34.567
K1,300,29.573
O4V2,2100,183.092
O4V2,2000,181.192
O4V2,1900,179.276
O4V2,1818,177.728
O4V2,1800,177.343
O4V2,1700,175.302
O4V2,1600,173.427
O4V2,1500,171.429
O4V2,1400,169.406
O4V2,1300,167.33
O4V2,1200,165.209
O4V2,1100,162.987
O4V2,1000,160.682
O4V2,900,158.157
O4V2,800,155.457
O4V2,700,152.175
O4V2,600,148.448
O4V2,500,143.269
O4V2,400,135.281
O4V2,340,123.336
O4V2,340,127.621
O4V2,300,115.787
O4V2,298,115.399
O2.90W1,2900,123.135
O2.90W1,2800,121.88
O2.90W1,2700,120.625
O2.90W1,2600,119.37
O2.90W1,2500,118.114
O2.90W1,2400,116.859
O2.90W1,2300,115.604
O2.90W1,2200,114.349
O2.90W1,2100,113.094
O2.90W1,2000,111.838
O2.90W1,1900,110.583
O2.90W1,1800,109.328
O2.90W1,1700,108.073
O2.90W1,1600,106.818
O2.90W1,1500,105.688
O2.90W1,1400,104.558
O2.90W1,1300,103.303
O2.90W1,1200,101.88
O2.90W1,1100,100.562
O2.90W1,1000,99.244
O2.90W1,900,97.655
O2.90W1,800,95.981
O2.90W1,700,93.931
O2.90W1,600,90.918
O2.90W1,500,86.609
O2.90W1,400,80.333
O2.90W1,300,71.546
O2.90W1,298,71.379
Ca1Cl2,298,72.856
Ca1Cl2,1900,112.131
Ca1Cl2,1800,109.202
Ca1Cl2,1700,106.274
Ca1Cl2,1600,103.345
Ca1Cl2,1500,100.416
Ca1Cl2,1400,97.487
Ca1Cl2,1300,94.558
Ca1Cl2,1200,91.63
Ca1Cl2,1100,88.701
Ca1Cl2,1045,87.09
Ca1Cl2,1000,85.772
Ca1Cl2,900,83.094
Ca1Cl2,800,80.919
Ca1Cl2,700,79.37
Ca1Cl2,600,78.199
Ca1Cl2,500,77.153
Ca1Cl2,400,75.647
Ca1Cl2,300,72.927
Pb1,1400,37.183
Pb1,1300,36.208
Pb1,1200,35.238
Pb1,1100,34.263
Pb1,1000,33.288
Pb1,900,32.313
Pb1,800,31.342
Pb1,700,30.367
Pb1,600.6,29.414
Pb1,600,29.404
Pb1,500,28.549
Pb1,450,28.139
Pb1,400,27.723
Pb1,350,27.288
Pb1,300,26.853
Pb1,298,26.836
Na2O5Si2,1900,292.88
Na2O5Si2,1800,292.88
Na2O5Si2,1700,292.88
Na2O5Si2,1600,292.88
Na2O5Si2,1500,292.88
Na2O5Si2,1400,292.88
Na2O5Si2,1300,292.88
Na2O5Si2,1200,292.88
Na2O5Si2,1147,292.88
Na2O5Si2,1100,292.88
Na2O5Si2,1000,292.88
Na2O5Si2,980,243.275
Na2O5Si2,980,292.88
Na2O5Si2,951,242.313
Na2O5Si2,951,242.316
Na2O5Si2,900,240.325
Na2O5Si2,800,235.162
Na2O5Si2,700,227.84
Na2O5Si2,600,217.576
Na2O5Si2,500,203.246
Na2O5Si2,400,183.401
Na2O5Si2,300,157.494
Na2O5Si2,298,156.984
O5Ti3,1400,224.262
O5Ti3,1300,222.589
O5Ti3,1200,220.497
O5Ti3,1100,218.405
O5Ti3,1000,215.894
O5Ti3,900,213.384
O5Ti3,800,210.037
O5Ti3,700,206.062
O5Ti3,600,200.832
O5Ti3,500,194.138
O5Ti3,450,189.954
O5Ti3,400,182.841
O5Ti3,300,155.477
O5Ti3,298,154.808
O5V2,1400,195.393
O5V2,1300,192.464
O5V2,1200,189.535
O5V2,1100,186.606
O5V2,1000,183.678
O5V2,943,182.004
O5V2,900,180.749
O5V2,800,177.251
O5V2,700,173.234
O5V2,600,168.314
O5V2,500,161.753
O5V2,400,150.95
O5V2,300,131.027
O5V2,298,130.599
Mg3N2,298,104.516
Mg3N2,2400,123.595
Mg3N2,2300,123.595
Mg3N2,2200,123.595
Mg3N2,2100,123.595
Mg3N2,2000,123.595
Mg3N2,1900,123.595
Mg3N2,1800,123.595
Mg3N2,1700,123.595
Mg3N2,1600,123.595
Mg3N2,1500,123.595
Mg3N2,1400,123.595
Mg3N2,1300,123.595
Mg3N2,1200,123.595
Mg3N2,1100,123.595
Mg3N2,1061,123.846
Mg3N2,1061,123.595
Mg3N2,1000,123.846
Mg3N2,900,123.846
Mg3N2,823,120.574
Mg3N2,823,123.846
Mg3N2,800,119.872
Mg3N2,700,116.817
Mg3N2,600,113.763
Mg3N2,500,110.709
Mg3N2,400,107.654
Mg3N2,300,104.6
Mg2O4Si1,298,118.688
Mg2O4Si1,2900,216.315
Mg2O4Si1,2800,214.49
Mg2O4Si1,2700,212.648
Mg2O4Si1,2600,210.79
Mg2O4Si1,2500,208.915
Mg2O4Si1,2400,207.02
Mg2O4Si1,2300,205.1
Mg2O4Si1,2200,203.154
Mg2O4Si1,2171,202.673
Mg2O4Si1,2100,201.175
Mg2O4Si1,2000,199.163
Mg2O4Si1,1900,197.108
Mg2O4Si1,1800,195.008
Mg2O4Si1,1700,192.845
Mg2O4Si1,1600,190.619
Mg2O4Si1,1500,188.309
Mg2O4Si1,1400,185.895
Mg2O4Si1,1300,183.36
Mg2O4Si1,1200,180.665
Mg2O4Si1,1100,177.77
Mg2O4Si1,1000,174.607
Mg2O4Si1,900,171.088
Mg2O4Si1,800,167.063
Mg2O4Si1,700,162.31
Mg2O4Si1,600,156.431
Mg2O4Si1,500,148.695
Mg2O4Si1,400,137.557
Mg2O4Si1,300,119.148
Mo1O2.875,298,72.508
Mo1O2.875,1400,124.166
Mo1O2.875,1300,119.366
Mo1O2.875,1200,114.658
Mo1O2.875,1100,110.062
Mo1O2.875,1000,105.589
Mo1O2.875,900,101.256
Mo1O2.875,800,97.088
Mo1O2.875,700,93.079
Mo1O2.875,600,89.201
Mo1O2.875,500,85.274
Mo1O2.875,400,80.651
Mo1O2.875,300,72.73
Br1K1,298,52.379
Br1K1,1400,81.797
Br1K1,1300,79.622
Br1K1,1200,76.86
Br1K1,1100,73.053
Br1K1,1007,68.367
Br1K1,1000,68.011
Br1K1,900,63.687
Br1K1,800,60.417
Br1K1,700,58.084
Br1K1,600,56.358
Br1K1,500,55.25
Br1K1,400,53.806
Br1K1,300,52.3
Br2Mo1,298,79.684
Br2Mo1,1700,94.349
Br2Mo1,1600,93.303
Br2Mo1,1500,92.257
Br2Mo1,1400,91.211
Br2Mo1,1300,90.165
Br2Mo1,1200,89.119
Br2Mo1,1100,88.073
Br2Mo1,1000,87.027
Br2Mo1,900,85.981
Br2Mo1,800,84.935
Br2Mo1,700,83.889
Br2Mo1,600,82.843
Br2Mo1,500,81.797
Br2Mo1,400,80.751
Br2Mo1,300,79.705
Cl1H4N1,298,86.441
Cl1H4N1,1400,171
Cl1H4N1,1300,163.176
Cl1H4N1,1200,159.829
Cl1H4N1,1100,152.716
Cl1H4N1,1000,144.557
Cl1H4N1,900,134.976
Cl1H4N1,800,123.888
Cl1H4N1,700,112.801
Cl1H4N1,600,101.671
Cl1H4N1,500,90.5
Cl1H4N1,457.7,109.956
Cl1H4N1,457.7,85.898
Cl1H4N1,400,102.968
Cl1H4N1,300,86.944
Cu1,298,24.442
Cu1,1900,45.095
Cu1,1800,42.928
Cu1,1700,40.76
Cu1,1600,38.593
Cu1,1500,36.425
Cu1,1400,34.258
Cu1,1358,33.353
Cu1,1300,32.143
Cu1,1200,30.519
Cu1,1100,29.479
Cu1,1000,28.662
Cu1,900,28.049
Cu1,800,27.494
Cu1,700,26.996
Cu1,600,26.481
Cu1,500,25.912
Cu1,450,25.686
Cu1,400,25.318
Cu1,350,24.975
Cu1,300,24.462
F1Li1,298,41.815
F1Li1,2400,76.872
F1Li1,2300,76.248
F1Li1,2200,75.53
F1Li1,2100,74.72
F1Li1,2000,73.817
F1Li1,1900,72.821
F1Li1,1800,71.731
F1Li1,0,70.549
F1Li1,1600,69.274
F1Li1,1500,67.906
F1Li1,1400,66.445
F1Li1,1300,64.892
F1Li1,1200,63.245
F1Li1,1121.3,61.883
F1Li1,1100,61.505
F1Li1,1000,59.58
F1Li1,900,57.697
F1Li1,800,55.731
F1Li1,700,53.723
F1Li1,600,51.589
F1Li1,500,49.329
F1Li1,400,46.543
F1Li1,300,41.936
Fe1S2,298,62.39
Fe1S2,1300,88.91
Fe1S2,1200,86.86
Fe1S2,1100,84.81
Fe1S2,1000,82.764
Fe1S2,900,80.718
Fe1S2,800,78.668
Fe1S2,700,76.959
Fe1S2,600,74.568
Fe1S2,500,72.447
Fe1S2,400,69.169
Fe1S2,300,62.554
H2O2Sr1,298,74.894
H2O2Sr1,,
H2O2Sr1,800,141.628
H2O2Sr1,783.15,139.37
H2O2Sr1,700,128.323
H2O2Sr1,600,115.018
H2O2Sr1,500,101.755
H2O2Sr1,400,88.45
H2O2Sr1,300,75.145
I1K1,298,52.777
I1K1,1900,75.317
I1K1,1800,75.291
I1K1,1700,75.234
I1K1,1600,75.145
I1K1,1500,74.927
I1K1,1400,74.601
I1K1,1300,74.09
I1K1,1200,73.136
I1K1,1100,71.546
I1K1,1000,69.036
I1K1,954,67.594
I1K1,900,65.793
I1K1,800,62.639
I1K1,700,59.777
I1K1,600,57.3
I1K1,500,55.363
I1K1,400,53.932
I1K1,300,52.806
I1Na1,298,52.225
I1Na1,1900,70.127
I1Na1,1800,69.116
I1Na1,1700,68.095
I1Na1,1600,67.064
I1Na1,1500,66.024
I1Na1,1400,64.974
I1Na1,1300,63.914
I1Na1,1200,62.844
I1Na1,1100,61.764
I1Na1,1000,60.675
I1Na1,933,59.939
I1Na1,900,59.58
I1Na1,800,58.492
I1Na1,700,57.363
I1Na1,600,56.233
I1Na1,500,55.02
I1Na1,400,53.806
I1Na1,300,52.258
K2O3Si1,298,118.407
K2O3Si1,2100,204.179
K2O3Si1,2000,202.087
K2O3Si1,1900,199.995
K2O3Si1,1800,197.903
K2O3Si1,1700,195.811
K2O3Si1,1600,193.719
K2O3Si1,1500,191.627
K2O3Si1,1400,189.535
K2O3Si1,1300,187.443
K2O3Si1,1249,186.376
K2O3Si1,1200,185.351
K2O3Si1,1100,182.004
K2O3Si1,1000,179.075
K2O3Si1,900,175.31
K2O3Si1,800,170.707
K2O3Si1,700,164.85
K2O3Si1,600,157.737
K2O3Si1,500,148.114
K2O3Si1,400,135.562
K2O3Si1,300,118.758
Li2O4S1,298,117.608
Li2O4S1,1100,237.051
Li2O4S1,1000,223.384
Li2O4S1,900,209.702
Li2O4S1,848,202.732
Li2O4S1,800,196.062
Li2O4S1,700,182.36
Li2O4S1,600,168.469
Li2O4S1,500,154.473
Li2O4S1,400,139.244
Li2O4S1,300,118.026
Li2O5Si2,298,138.072
Li2O5Si2,2400,263.48
Li2O5Si2,2300,263.341
Li2O5Si2,2200,263.174
Li2O5Si2,2100,262.978
Li2O5Si2,2000,262.755
Li2O5Si2,1900,262.075
Li2O5Si2,1800,261.082
Li2O5Si2,1700,259.617
Li2O5Si2,1600,257.734
Li2O5Si2,1500,254.868
Li2O5Si2,1400,251.207
Li2O5Si2,1307,248.417
Li2O5Si2,1300,248.195
Li2O5Si2,1209,245.559
Li2O5Si2,1209,245.559
Li2O5Si2,1200,245.182
Li2O5Si2,1100,240.617
Li2O5Si2,1000,235.35
Li2O5Si2,900,229.492
Li2O5Si2,800,222.589
Li2O5Si2,700,214.89
Li2O5Si2,600,205.685
Li2O5Si2,500,192.673
Li2O5Si2,400,174.891
Li2O5Si2,300,138.909
Mg1,298,24.869
Mg1,1800,53.199
Mg1,1700,50
Mg1,1600,47.013
Mg1,1500,44.238
Mg1,1400,41.673
Mg1,1300,39.316
Mg1,1200,37.164
Mg1,1000,33.46
Mg1,923,32.238
Mg1,900,31.895
Mg1,800,30.507
Mg1,700,29.279
Mg1,600,28.184
Mg1,500,27.171
Mg1,450,26.668
Mg1,400,26.144
Mg1,350,25.568
Mg1,300,24.897
Mg2Si1,298,67.864
Mg2Si1,2400,106.985
Mg2Si1,2300,105.855
Mg2Si1,2200,104.684
Mg2Si1,2100,103.47
Mg2Si1,1900,100.918
Mg2Si1,1800,99.579
Mg2Si1,1700,98.198
Mg2Si1,1600,96.776
Mg2Si1,1500,95.312
Mg2Si1,1400,93.805
Mg2Si1,1375,93.45
Mg2Si1,1300,92.257
Mg2Si1,1200,90.667
Mg2Si1,1100,89.077
Mg2Si1,1000,87.404
Mg2Si1,900,85.688
Mg2Si1,800,83.889
Mg2Si1,700,82.006
Mg2Si1,600,79.831
Mg2Si1,500,77.278
Mg2Si1,400,73.764
Mg2Si1,300,67.994
Mo2S3,298,109.294
Mo2S3,2300,185.939
Mo2S3,2200,182.625
Mo2S3,2100,179.309
Mo2S3,2080,178.645
Mo2S3,2000,175.989
Mo2S3,1900,172.666
Mo2S3,1800,169.339
Mo2S3,1700,166.006
Mo2S3,1600,162.666
Mo2S3,1500,159.317
Mo2S3,1400,155.957
Mo2S3,1300,152.582
Mo2S3,1200,149.186
Mo2S3,1100,145.762
Mo2S3,1000,142.297
Mo2S3,900,138.775
Mo2S3,800,135.162
Mo2S3,700,131.405
Mo2S3,600,127.399
Mo2S3,500,122.926
Mo2S3,400,117.464
Mo2S3,300,109.489
N1Zr1,298,40.443
N1Zr1,3900,73.81
N1Zr1,3800,73.103
N1Zr1,3700,72.396
N1Zr1,3600,71.693
N1Zr1,3500,70.986
N1Zr1,3400,70.279
N1Zr1,3300,69.572
N1Zr1,3225,69.041
N1Zr1,3200,68.864
N1Zr1,3100,68.157
N1Zr1,3000,67.45
N1Zr1,2900,66.743
N1Zr1,2800,66.032
N1Zr1,2700,65.321
N1Zr1,2600,64.614
N1Zr1,2500,63.898
N1Zr1,2400,63.187
N1Zr1,2300,62.471
N1Zr1,2200,61.756
N1Zr1,2100,60.973
N1Zr1,2000,60.321
N1Zr1,1900,59.597
N1Zr1,1800,58.873
N1Zr1,1700,58.141
N1Zr1,1600,57.409
N1Zr1,1500,56.668
N1Zr1,1400,55.915
N1Zr1,1300,55.153
N1Zr1,1200,54.379
N1Zr1,1100,53.58
N1Zr1,1000,52.752
N1Zr1,900,51.882
N1Zr1,800,50.94
N1Zr1,700,49.894
N1Zr1,600,48.66
N1Zr1,500,47.078
N1Zr1,400,44.756
N1Zr1,300,40.556
N2O4,298,122.103
N2O4,400,153.636
N2O4,300,122.675
N4Si3,298,99.533
N4Si3,2900,188.056
N4Si3,2800,187.818
N4Si3,2700,187.567
N4Si3,2600,187.303
N4Si3,2500,187.025
N4Si3,2400,186.734
N4Si3,2300,186.429
N4Si3,2200,186.111
N4Si3,2100,185.78
N4Si3,2000,185.435
N4Si3,1900,184.539
N4Si3,1800,183.452
N4Si3,1700,182.171
N4Si3,1600,180.548
N4Si3,1500,178.657
N4Si3,1400,175.92
N4Si3,1300,172.531
N4Si3,1200,168.49
N4Si3,1100,163.678
N4Si3,1000,158.155
N4Si3,900,152.298
N4Si3,800,145.812
N4Si3,700,138.072
N4Si3,600,129.704
N4Si3,500,120.708
N4Si3,400,110.667
N4Si3,300,99.788
N5P3,298,148.95
N5P3,1400,271.904
N5P3,1300,271.207
N5P3,1200,269.868
N5P3,1100,267.888
N5P3,1000,265.266
N5P3,900,261.5
N5P3,800,255.224
N5P3,700,246.856
N5P3,600,234.304
N5P3,500,217.568
N5P3,400,192.464
N5P3,300,149.787
Na2O2,298,89.266
Na2O2,2400,113.596
Na2O2,2300,113.596
Na2O2,2200,113.596
Na2O2,2100,113.596
Na2O2,2000,113.596
Na2O2,1900,113.596
Na2O2,1800,113.596
Na2O2,1700,113.596
Na2O2,1600,113.596
Na2O2,1500,113.596
Na2O2,1400,113.596
Na2O2,1300,113.596
Na2O2,1200,113.596
Na2O2,1100,113.596
Na2O2,1000,113.596
Na2O2,900,113.596
Na2O2,800,113.596
Na2O2,785,115.253
Na2O2,785,113.596
Na2O2,700,112.332
Na2O2,600,108.445
Na2O2,500,103.767
Na2O2,400,97.721
Na2O2,300,89.408
Na2S1,298,82.801
Na2S1,1900,133.888
Na2S1,1800,133.888
Na2S1,1700,133.888
Na2S1,1600,133.888
Na2S1,1500,133.888
Na2S1,1445,133.888
Na2S1,1400,137.152
Na2S1,1300,187.652
Na2S1,1276,211.921
Na2S1,1276,211.939
Na2S1,1200,159.494
Na2S1,1100,110.458
Na2S1,1000,92.843
Na2S1,900,91.337
Na2S1,800,90.165
Na2S1,0,88.701
Na2S1,600,87.236
Na2S1,500,85.772
Na2S1,400,84.308
Na2S1,0,82.843
Nb2O5,298,131.988
Nb2O5,2200,184.004
Nb2O5,2100,183.862
,2000,183.678
Nb2O5,1900,183.435
Nb2O5,1800,183.129
Nb2O5,1785,183.075
Nb2O5,1700,182.745
Nb2O5,1600,182.263
Nb2O5,1500,181.665
Nb2O5,1400,180.92
Nb2O5,1300,179.991
Nb2O5,1200,178.828
Nb2O5,1100,177.36
Nb2O5,1000,175.502
Nb2O5,900,
Nb2O5,800,170.038
Nb2O5,700,166.013
Nb2O5,600,
Nb2O5,500,153.841
Nb2O5,400,144.992
Nb2O5,300,132.32
Ni1,298,25.987
Ni1,2400,48.702
Ni1,2300,47.447
Ni1,2200,46.191
Ni1,2100,44.978
Ni1,2000,43.806
Ni1,1900,42.677
Ni1,1800,39.33
Ni1,1728,38.535
Ni1,1700,38.284
Ni1,1600,37.279
Ni1,1500,36.317
Ni1,1400,35.397
Ni1,1300,34.518
Ni1,1200,33.681
Ni1,1100,32.928
Ni1,1000,32.217
Ni1,900,31.589
Ni1,800,31.003
Ni1,,30.794
Ni1,631,39.832
Ni1,631,39.832
Ni1,600,34.853
Ni1,500,31.045
Ni1,450,29.623
Ni1,400,28.493
Ni1,350,27.294
Ni1,300,26.024
Ni1S2,298,70.626
Ni1S2,1700,99.717
Ni1S2,1600,97.642
Ni1S2,1500,95.567
Ni1S2,1400,93.491
Ni1S2,1300,91.416
Ni1S2,1280,91.001
Ni1S2,1200,89.341
Ni1S2,1100,87.266
Ni1S2,1000,85.19
Ni1S2,900,83.115
Ni1S2,800,81.04
Ni1S2,700,78.965
Ni1S2,600,76.889
Ni1S2,500,74.814
Ni1S2,400,72.739
Ni1S2,300,70.664
Ni3S2,298,117.738
Ni3S2,1500,188.615
Ni3S2,1400,188.615
Ni3S2,1300,188.615
Ni3S2,1200,188.615
Ni3S2,1100,188.615
Ni3S2,1062,188.615
Ni3S2,1000,188.615
Ni3S2,900,188.615
Ni3S2,829,152.19
Ni3S2,829,188.615
Ni3S2,800,150.708
Ni3S2,700,145.436
Ni3S2,600,139.913
Ni3S2,500,133.972
Ni3S2,400,127.11
Ni3S2,300,117.947
Ni3S4,298,164.808
Ni3S4,1000,265.638
Ni3S4,900,251.27
Ni3S4,800,236.906
Ni3S4,700,222.539
Ni3S4,600,208.171
Ni3S4,500,193.807
Ni3S4,400,179.439
Ni3S4,300,165.076
O10P4,298,211.71
O10P4,1400,494.967
O10P4,1300,486.181
O10P4,1200,475.302
O10P4,1100,461.077
O10P4,1000,442.667
O10P4,900,421.747
O10P4,800,396.643
O10P4,700,368.192
O10P4,600,335.975
O10P4,500,299.993
O10P4,400,260.245
O10P4,300,212.673
O1Pb1,298,45.773
O1Pb1,1300,64.183
O1Pb1,1200,62.927
O1Pb1,1100,61.672
O1Pb1,1000,60.417
O1Pb1,900,59.162
O1Pb1,800,57.907
O1Pb1,762,57.43
O1Pb1,700,56.651
O1Pb1,600,55.396
O1Pb1,500,53.43
O1Pb1,400,50.375
O1Pb1,300,45.866
O1Sr1,298,45.409
O1Sr1,3500,73.086
O1Sr1,3400,72.438
O1Sr1,3300,71.785
O1Sr1,3200,71.132
O1Sr1,3100,70.479
O1Sr1,3000,69.827
O1Sr1,2938,69.425
O1Sr1,2900,69.174
O1Sr1,2800,68.517
O1Sr1,2700,67.864
O1Sr1,2600,67.208
O1Sr1,2500,66.551
O1Sr1,2400,65.89
O1Sr1,2300,65.229
O1Sr1,2200,64.563
O1Sr1,2100,63.898
O1Sr1,2000,63.229
O1Sr1,1900,62.559
O1Sr1,1800,61.881
O1Sr1,1700,61.199
O1Sr1,1600,60.509
O1Sr1,1500,59.81
O1Sr1,1400,59.103
O1Sr1,1300,58.379
O1Sr1,1200,57.639
O1Sr1,1100,56.873
O1Sr1,1000,56.074
O1Sr1,900,55.22
O1Sr1,800,54.3
O1Sr1,700,53.262
O1Sr1,600,52.049
O1Sr1,500,50.534
O1V1,298,45.501
O1V1,2500,83.183
O1V1,2400,81.718
O1V1,2300,80.25
O1V1,2200,78.781
O1V1,2100,77.298
O1V1,2063,76.747
O1V1,2000,75.847
O1V1,1900,74.339
O1V1,1800,72.851
O1V1,1700,71.351
O1V1,1600,69.842
O1V1,1500,68.325
O1V1,1400,66.791
O1V1,1300,65.243
O1V1,1200,63.677
O1V1,1100,62.086
O1V1,1000,60.463
O1V1,900,58.803
O1V1,800,57.099
O1V1,700,55.343
O1V1,600,53.53
O1V1,500,51.651
O1V1,400,49.58
O1V1,300,45.647
O2.72W1,298,68.283
O2.72W1,2900,119.579
O2.72W1,2800,118.324
O2.72W1,2700,117.068
O2.72W1,2600,115.813
O2.72W1,2500,114.558
O2.72W1,2400,113.303
O2.72W1,2300,112.048
O2.72W1,2200,110.792
O2.72W1,2100,109.537
O2.72W1,2000,108.282
O2.72W1,1900,107.027
O2.72W1,1800,105.772
O2.72W1,1700,104.516
O2.72W1,1600,103.261
O2.72W1,1500,102.006
O2.72W1,1400,100.751
O2.72W1,1300,99.286
O2.72W1,1200,97.822
O2.72W1,1100,96.441
O2.72W1,1000,95.019
O2.72W1,900,93.471
O2.72W1,800,91.839
O2.72W1,700,89.81
O2.72W1,600,86.985
O2.72W1,500,82.927
O2.72W1,400,76.902
O2.72W1,300,68.408
O2.96W1,298,72.383
O2.96W1,2900,124.6
O2.96W1,2800,123.344
O2.96W1,2700,122.089
O2.96W1,2600,120.834
O2.96W1,2500,119.579
O2.96W1,2400,118.324
O2.96W1,2300,117.068
O2.96W1,2200,115.813
O2.96W1,2100,114.558
O2.96W1,2000,113.303
O2.96W1,1900,112.048
O2.96W1,1800,110.792
O2.96W1,1700,109.537
O2.96W1,1600,108.282
O2.96W1,1500,107.194
O2.96W1,1400,106.106
O2.96W1,1300,104.851
O2.96W1,1200,103.512
O2.96W1,1100,102.215
O2.96W1,1000,100.709
O2.96W1,900,99.37
O2.96W1,800,97.404
O2.96W1,700,95.312
O2.96W1,600,92.257
O2.96W1,500,87.864
O2.96W1,400,81.504
O2.96W1,300,72.634
O2Pb1,298,61.17
O2Pb1,1100,79.669
O2Pb1,1000,79.301
O2Pb1,900,78.602
O2Pb1,800,77.571
O2Pb1,700,76.21
O2Pb1,600,74.517
O2Pb1,500,71.698
O2Pb1,400,67.613
O2Pb1,300,61.318
O2Si1,298,26.581
O2Si1,2900,76.015
O2Si1,2800,75.852
O2Si1,2700,75.684
O2Si1,2600,75.509
O2Si1,2500,75.333
O2Si1,2400,75.145
O2Si1,2300,74.952
O2Si1,2200,74.751
O2Si1,2100,74.542
O2Si1,2000,74.316
O2Si1,1900,74.074
O2Si1,1800,73.814
O2Si1,1700,73.534
O2Si1,1600,73.22
O2Si1,1500,72.869
O2Si1,1400,72.467
O2Si1,1300,71.998
O2Si1,1200,71.446
O2Si1,1100,70.772
O2Si1,1000,69.923
O2Si1,900,68.823
O2Si1,800,67.337
O2Si1,700,65.229
O2Si1,600,62.049
O2Si1,500,56.856
O2Si1,400,47.413
O2Si1,300,27.154
O2Ti1,298,55.271
O2Ti1,1900,77.446
O2Ti1,1800,77.362
O2Ti1,1700,77.237
O2Ti1,1600,77.111
O2Ti1,1500,76.944
O2Ti1,1400,76.735
O2Ti1,1300,76.484
O2Ti1,1200,76.191
O2Ti1,1100,75.814
O2Ti1,1000,75.354
O2Ti1,900,74.726
O2Ti1,800,73.86
O2Ti1,700,72.655
O2Ti1,600,70.89
O2Ti1,500,68.145
O2Ti1,400,63.593
O2Ti1,300,55.471
O2Zr1,298,56.191
O2Zr1,3400,74.475
O2Zr1,3300,74.475
O2Zr1,3200,74.475
O2Zr1,3100,74.475
O2Zr1,3000,74.475
O2Zr1,2950,74.475
O2Zr1,2900,74.475
O2Zr1,2800,74.475
O2Zr1,2700,74.475
O2Zr1,2600,74.475
O2Zr1,2500,74.475
O2Zr1,2400,74.475
O2Zr1,2300,74.475
O2Zr1,2200,74.475
O2Zr1,2100,74.475
O2Zr1,2000,74.475
O2Zr1,1900,74.475
O2Zr1,1800,74.475
O2Zr1,1700,74.475
O2Zr1,1600,74.475
O2Zr1,1500,74.475
O2Zr1,1478,80.108
O2Zr1,1478,74.475
O2Zr1,1400,79.45
O2Zr1,1300,78.58
O2Zr1,1200,77.684
O2Zr1,1100,76.743
O2Zr1,1000,75.747
O2Zr1,900,74.663
O2Zr1,800,73.45
O2Zr1,700,72.023
O2Zr1,600,70.237
O2Zr1,500,67.764
O2Zr1,400,63.848
O2Zr1,300,56.262
O3V2,298,104.963
O3V2,2700,193.437
O3V2,2600,189.978
O3V2,2500,186.526
O3V2,2400,183.086
O3V2,2340,181.021
O3V2,,179.655
O3V2,2200,176.246
O3V2,2100,172.847
O3V2,2000,169.468
O3V2,1900,166.112
O3V2,1800,162.782
O3V2,1700,159.481
O3V2,1600,156.221
O3V2,1500,153.005
O3V2,1400,149.841
O3V2,1300,146.741
O3V2,1200,143.718
O3V2,1100,140.786
O3V2,1000,137.957
O3V2,900,135.246
O3V2,800,132.639
O3V2,700,130.071
O3V2,600,127.326
O3V2,500,123.75
O3V2,400,117.54
O3V2,300,105.26
O4Pb2Si1,298,136.984
O4Pb2Si1,1900,201.292
O4Pb2Si1,1800,200.121
O4Pb2Si1,1700,199.033
O4Pb2Si1,1600,197.903
O4Pb2Si1,1500,196.648
O4Pb2Si1,1400,195.309
O4Pb2Si1,1300,193.719
O4Pb2Si1,1200,192.046
O4Pb2Si1,1100,190.79
O4Pb2Si1,1000,189.117
O4Pb2Si1,900,186.774
O4Pb2Si1,800,184.18
O4Pb2Si1,700,180.121
O4Pb2Si1,600,173.343
O4Pb2Si1,500,163.762
O4Pb2Si1,400,152.005
O4Pb2Si1,300,137.235
O4S1Zn1,298,99.035
O4S1Zn1,1900,145.185
O4S1Zn1,1800,145.185
O4S1Zn1,1700,145.185
O4S1Zn1,1600,145.185
O4S1Zn1,1500,145.185
O4S1Zn1,1400,145.185
O4S1Zn1,1300,145.185
O4S1Zn1,1200,145.185
O4S1Zn1,1100,145.185
O4S1Zn1,1013,142.13
O4S1Zn1,1013,145.185
O4S1Zn1,1000,142.005
O4S1Zn1,900,140.875
O4S1Zn1,800,139.704
O4S1Zn1,700,138.574
O4S1Zn1,600,137.444
O4S1Zn1,540,136.817
O4S1Zn1,540,136.817
O4S1Zn1,500,131.21
O4S1Zn1,400,116.022
O4S1Zn1,300,99.37
O4Si1Zr1,298,98.659
O4Si1Zr1,2900,150.624
O4Si1Zr1,2800,150.624
O4Si1Zr1,2700,150.624
O4Si1Zr1,2600,150.624
O4Si1Zr1,2500,150.624
O4Si1Zr1,2400,150.624
O4Si1Zr1,2300,150.624
O4Si1Zr1,2200,150.624
O4Si1Zr1,2100,150.624
O4Si1Zr1,2000,150.624
O4Si1Zr1,1900,150.624
O4Si1Zr1,1800,150.624
O4Si1Zr1,1700,150.624
O4Si1Zr1,1600,150.624
O4Si1Zr1,1500,150.624
O4Si1Zr1,1400,150.415
O4Si1Zr1,1300,150.164
O4Si1Zr1,1200,149.704
O4Si1Zr1,1100,148.741
O4Si1Zr1,1000,147.277
O4Si1Zr1,900,145.268
O4Si1Zr1,800,142.674
O4Si1Zr1,700,138.825
O4Si1Zr1,600,133.679
O4Si1Zr1,500,125.938
O4Si1Zr1,400,114.642
O4Si1Zr1,300,99.119
P1,298,23.825
P1,900,26.485
P1,800,26.485
P1,700,26.485
P1,600,26.485
P1,500,26.485
P1,450,25.997
P1,400,25.313
P1,350,24.731
P1,317.3,24.351
P1,300,23.87
P4S3,298,146.44
P4S3,1900,146.44
P4S3,1800,146.44
P4S3,1700,146.44
P4S3,1600,146.44
P4S3,1500,146.44
P4S3,1400,146.44
P4S3,1300,146.44
P4S3,1200,146.44
P4S3,1100,146.44
P4S3,1000,146.44
P4S3,900,146.44
P4S3,800,146.44
P4S3,700,146.44
P4S3,600,146.44
P4S3,500,146.44
P4S3,440,146.44
P4S3,400,146.44
P4S3,300,146.44
Pb1S1,1700,62.551
Pb1S1,1600,61.714
Pb1S1,1500,60.877
Pb1S1,1400,59.957
Pb1S1,1300,59.036
Pb1S1,1200,58.074
Pb1S1,1100,57.153
Pb1S1,1000,56.191
Pb1S1,900,55.271
Pb1S1,800,54.308
Pb1S1,700,53.346
Pb1S1,600,52.384
Pb1S1,500,51.463
Pb1S1,400,50.459
Pb1S1,300,49.455
Rb1,500,49.699
Rb1,450,45.082
Rb1,400,40.465
Rb1,350,35.848
Rb1,312.65,32.401
Rb1,300,31.188
Rb1,298,31.062
S1,700,31.045
S1,600,28.995
S1,500,26.945
S1,450,25.92
S1,400,24.895
S1,368.3,24.246
S1,350,23.87
S1,300,22.744
S1,298,22.698
S1Sr1,2900,66.212
S1Sr1,2800,65.689
S1Sr1,2700,65.166
S1Sr1,2600,64.643
S1Sr1,2500,64.12
S1Sr1,2400,63.597
S1Sr1,2300,63.074
S1Sr1,2200,62.551
S1Sr1,2100,62.028
S1Sr1,2000,61.505
S1Sr1,1900,60.982
S1Sr1,1800,60.459
S1Sr1,1700,59.951
S1Sr1,1600,59.455
S1Sr1,1500,58.937
S1Sr1,1400,58.409
S1Sr1,1300,57.87
S1Sr1,1200,57.321
S1Sr1,1100,56.777
S1Sr1,1000,56.233
S1Sr1,900,55.522
S1Sr1,800,54.894
S1Sr1,700,54.099
S1Sr1,600,53.179
S1Sr1,500,51.882
S1Sr1,400,50.208
S1Sr1,300,48.727
S1Sr1,298,48.702
Sr1,1400,38.801
Sr1,1300,37.604
Sr1,1200,36.428
Sr1,1100,35.273
Sr1,1000,34.139
Sr1,900,33.027
Sr1,820,32.151
Sr1,800,31.935
Sr1,700,30.864
Sr1,600,29.814
Sr1,500,28.785
Sr1,450,28.278
Sr1,400,27.777
Sr1,350,27.298
Sr1,300,26.809
Sr1,298,26.791
Ti1,1600,55.22
Ti1,1500,49.764
Ti1,1400,44.948
Ti1,1300,40.771
Ti1,1200,37.233
Ti1,1166,36.175
Ti1,1100,34.334
Ti1,1000,32.074
Ti1,900,30.454
Ti1,800,29.472
Ti1,700,29.135
Ti1,600,28.596
Ti1,500,27.877
Ti1,450,27.418
Ti1,400,26.862
Ti1,350,26.169
Ti1,300,25.276
Ti1,298,25.238
V1,2600,52.028
V1,2500,50.103
V1,2400,48.179
V1,2300,46.254
V1,2200,44.329
V1,2190,44.141
V1,2100,42.468
V1,2000,40.92
V1,1900,39.539
V1,1800,38.2
V1,1700,37.028
V1,1600,35.857
V1,1500,34.811
V1,1400,33.807
V1,1300,32.74
V1,1200,31.798
V1,1100,30.878
V1,1000,30.083
V1,900,29.372
V1,800,28.66
V1,700,28.033
V1,600,27.489
V1,500,26.945
V1,450,26.61
V1,400,26.234
V1,350,25.681
V1,300,24.928
V1,298,24.896
W1,4700,122.12
W1,4600,116.629
W1,4500,111.137
W1,4400,105.646
W1,4300,100.154
W1,4200,94.663
W1,4100,89.171
W1,4000,83.68
W1,3900,78.188
W1,3800,72.697
W1,3700,67.205
W1,3680,66.149
W1,3600,61.714
W1,3500,56.484
W1,3400,52.3
W1,3300,48.953
W1,3200,46.024
W1,3100,43.43
W1,3000,41.003
W1,2900,39.12
W1,2800,37.447
W1,2700,36.192
W1,2600,35.246
W1,2500,34.736
W1,2400,34.233
W1,2300,33.736
W1,2200,33.238
W1,2100,32.744
W1,2000,32.254
W1,1900,31.765
W1,1800,31.284
W1,1700,30.807
W1,1600,30.334
W1,1500,29.862
W1,1400,29.393
W1,1300,28.93
W1,1200,28.472
W1,1100,28.017
W1,1000,27.564
W1,900,27.112
W1,800,26.669
W1,700,26.229
W1,600,25.79
W1,500,25.359
W1,450,25.144
W1,400,24.928
W1,350,24.644
W1,300,24.313
W1,298,24.295
Zn1,900,32.716
Zn1,800,31.284
Zn1,700,29.9
Zn1,692.73,29.802
Zn1,600,28.588
Zn1,500,27.386
Zn1,450,26.843
Zn1,400,26.346
Zn1,350,25.889
Zn1,300,25.406
Zn1,298,25.387
Zr1,1600,37.762
Zr1,1500,36.846
Zr1,1400,35.807
Zr1,1300,34.681
Zr1,1200,33.502
Zr1,1135,32.724
Zr1,1100,32.306
Zr1,1000,31.128
Zr1,900,30.003
Zr1,800,28.966
Zr1,700,28.053
Zr1,600,27.281
Zr1,500,26.564
Zr1,450,26.246
Zr1,400,25.935
Zr1,350,25.606
Zr1,300,
Zr1,298,25.202
